method,audio_id,estoi,tx_gain_db
proposed,0,0.076993,28.00
conv,0,0.006152,28.00
3,0,-0.012426,28.00
proposed,1,0.120952,28.00
conv,1,0.007695,28.00
3,1,-0.014127,28.00
proposed,2,0.179360,28.00
conv,2,0.004174,28.00
3,2,0.001639,28.00
proposed,3,0.299704,28.00
conv,3,0.006020,28.00
3,3,0.022733,28.00
proposed,4,0.280733,28.00
conv,4,0.011098,28.00
3,4,0.041544,28.00
proposed,5,0.285191,28.00
conv,5,0.009297,28.00
3,5,0.039419,28.00
proposed,6,0.182816,28.00
conv,6,0.007192,28.00
3,6,0.030768,28.00
proposed,7,0.301099,28.00
conv,7,-0.038039,28.00
3,7,0.037566,28.00
proposed,8,0.253591,28.00
conv,8,0.013482,28.00
3,8,0.039324,28.00
proposed,9,0.261919,28.00
conv,9,0.027940,28.00
3,9,0.030616,28.00
proposed,10,0.345702,28.00
conv,10,0.039704,28.00
3,10,0.063097,28.00
proposed,11,0.094179,28.00
conv,11,0.010391,28.00
3,11,0.022719,28.00
proposed,12,0.329046,28.00
conv,12,0.005904,28.00
3,12,0.062255,28.00
proposed,13,0.291206,28.00
conv,13,0.050363,28.00
3,13,0.033128,28.00
proposed,14,0.315394,28.00
conv,14,0.011620,28.00
3,14,0.036601,28.00
proposed,15,0.325333,28.00
conv,15,0.040941,28.00
3,15,0.048227,28.00
proposed,16,0.303959,28.00
conv,16,-0.011113,28.00
3,16,0.043551,28.00
proposed,17,0.166099,28.00
conv,17,-0.003181,28.00
3,17,0.009857,28.00
proposed,18,0.139115,28.00
conv,18,0.005484,28.00
3,18,0.027286,28.00
proposed,19,0.321796,28.00
conv,19,0.012762,28.00
3,19,0.046993,28.00
proposed,20,0.261254,28.00
conv,20,0.033734,28.00
3,20,0.050168,28.00
proposed,21,0.333512,28.00
conv,21,0.005766,28.00
3,21,0.058226,28.00
proposed,22,0.307509,28.00
conv,22,0.011026,28.00
3,22,0.051649,28.00
proposed,23,0.351740,28.00
conv,23,0.003971,28.00
3,23,0.060958,28.00
proposed,24,0.310030,28.00
conv,24,0.032159,28.00
3,24,0.050234,28.00
proposed,25,0.201854,28.00
conv,25,0.021049,28.00
3,25,0.043069,28.00
proposed,26,0.283370,28.00
conv,26,0.002897,28.00
3,26,0.054616,28.00
proposed,27,0.229714,28.00
conv,27,0.013511,28.00
3,27,0.038854,28.00
proposed,28,0.347300,28.00
conv,28,0.027066,28.00
3,28,0.053114,28.00
proposed,29,0.141954,28.00
conv,29,0.001658,28.00
3,29,0.015909,28.00
proposed,30,0.286114,28.00
conv,30,0.019560,28.00
3,30,0.081968,28.00
proposed,31,0.308763,28.00
conv,31,0.002126,28.00
3,31,0.057513,28.00
proposed,32,0.295348,28.00
conv,32,0.015877,28.00
3,32,0.015363,28.00
proposed,33,0.209913,28.00
conv,33,-0.003790,28.00
3,33,0.048127,28.00
proposed,34,0.343606,28.00
conv,34,0.010347,28.00
3,34,0.074155,28.00
proposed,35,0.370407,28.00
conv,35,0.040374,28.00
3,35,0.046963,28.00
proposed,36,0.156071,28.00
conv,36,0.013262,28.00
3,36,0.024098,28.00
proposed,37,0.341300,28.00
conv,37,0.030979,28.00
3,37,0.055913,28.00
proposed,38,0.295622,28.00
conv,38,0.019939,28.00
3,38,0.032116,28.00
proposed,39,0.252701,28.00
conv,39,0.012341,28.00
3,39,0.042246,28.00
proposed,40,0.220097,28.00
conv,40,0.015998,28.00
3,40,0.057926,28.00
proposed,41,0.327797,28.00
conv,41,-0.005891,28.00
3,41,0.098082,28.00
proposed,42,0.309351,28.00
conv,42,-0.006808,28.00
3,42,0.039198,28.00
proposed,43,0.297543,28.00
conv,43,0.023695,28.00
3,43,0.047605,28.00
proposed,44,0.260470,28.00
conv,44,-0.005823,28.00
3,44,0.048068,28.00
proposed,45,0.334744,28.00
conv,45,0.009234,28.00
3,45,0.034070,28.00
proposed,46,0.287788,28.00
conv,46,0.008831,28.00
3,46,0.039514,28.00
proposed,47,0.303582,28.00
conv,47,0.008218,28.00
3,47,0.046340,28.00
proposed,48,0.107099,28.00
conv,48,-0.007681,28.00
3,48,0.041491,28.00
proposed,49,0.003468,28.00
conv,49,0.004238,28.00
3,49,0.001252,28.00
proposed,50,0.247925,28.00
conv,50,-0.002768,28.00
3,50,0.033114,28.00
proposed,51,0.274227,28.00
conv,51,0.023249,28.00
3,51,0.046974,28.00
proposed,52,0.307425,28.00
conv,52,0.003184,28.00
3,52,0.049813,28.00
proposed,53,0.263533,28.00
conv,53,-0.000455,28.00
3,53,0.034362,28.00
proposed,54,0.333413,28.00
conv,54,0.034877,28.00
3,54,0.067517,28.00
proposed,55,0.317635,28.00
conv,55,-0.006964,28.00
3,55,0.055770,28.00
proposed,56,0.337256,28.00
conv,56,0.002233,28.00
3,56,0.060244,28.00
proposed,57,0.225429,28.00
conv,57,0.007183,28.00
3,57,0.041671,28.00
proposed,58,0.258447,28.00
conv,58,-0.023539,28.00
3,58,0.047148,28.00
proposed,59,0.268738,28.00
conv,59,0.019653,28.00
3,59,0.024422,28.00
proposed,60,0.200522,28.00
conv,60,0.011411,28.00
3,60,0.048300,28.00
proposed,61,0.260000,28.00
conv,61,0.021093,28.00
3,61,0.052442,28.00
proposed,62,0.315646,28.00
conv,62,-0.016135,28.00
3,62,0.098172,28.00
proposed,63,0.287704,28.00
conv,63,0.009371,28.00
3,63,0.029377,28.00
proposed,64,0.203730,28.00
conv,64,0.044719,28.00
3,64,0.039876,28.00
proposed,65,0.264046,28.00
conv,65,0.022253,28.00
3,65,0.060563,28.00
proposed,66,0.134573,28.00
conv,66,-0.020569,28.00
3,66,-0.002904,28.00
proposed,67,0.293926,28.00
conv,67,0.034325,28.00
3,67,0.022062,28.00
proposed,68,0.235653,28.00
conv,68,0.023737,28.00
3,68,0.019574,28.00
proposed,69,0.133227,28.00
conv,69,0.033729,28.00
3,69,0.042175,28.00
proposed,70,0.252492,28.00
conv,70,0.029704,28.00
3,70,0.057330,28.00
proposed,71,0.231169,28.00
conv,71,0.013620,28.00
3,71,0.040549,28.00
proposed,72,0.279573,28.00
conv,72,0.025929,28.00
3,72,0.035952,28.00
proposed,73,0.225941,28.00
conv,73,-0.008173,28.00
3,73,0.029510,28.00
proposed,74,0.280445,28.00
conv,74,0.003702,28.00
3,74,0.057079,28.00
proposed,75,0.238206,28.00
conv,75,0.023952,28.00
3,75,0.048676,28.00
proposed,76,0.200160,28.00
conv,76,0.004827,28.00
3,76,0.039581,28.00
proposed,77,0.235172,28.00
conv,77,0.024286,28.00
3,77,0.034272,28.00
proposed,78,0.112019,28.00
conv,78,0.010638,28.00
3,78,0.001771,28.00
proposed,79,0.002074,28.00
conv,79,0.000455,28.00
3,79,-0.001156,28.00
proposed,80,0.047640,28.00
conv,80,-0.015901,28.00
3,80,-0.002040,28.00
proposed,81,-0.001611,28.00
conv,81,-0.001131,28.00
3,81,-0.002964,28.00
proposed,82,-0.001590,28.00
conv,82,-0.000529,28.00
3,82,-0.003524,28.00
proposed,83,-0.002472,28.00
conv,83,-0.000976,28.00
3,83,-0.001424,28.00
proposed,84,0.002244,28.00
conv,84,0.002804,28.00
3,84,-0.003557,28.00
proposed,85,0.000376,28.00
conv,85,-0.002764,28.00
3,85,0.001662,28.00
proposed,86,0.001921,28.00
conv,86,-0.000022,28.00
3,86,-0.005187,28.00
proposed,87,0.050786,28.00
conv,87,0.005191,28.00
3,87,-0.012412,28.00
proposed,88,0.232558,28.00
conv,88,0.032758,28.00
3,88,0.045186,28.00
proposed,89,0.273257,28.00
conv,89,0.007619,28.00
3,89,0.070440,28.00
proposed,90,0.231805,28.00
conv,90,0.022305,28.00
3,90,0.018186,28.00
proposed,91,0.280495,28.00
conv,91,0.007659,28.00
3,91,0.013860,28.00
proposed,92,0.179669,28.00
conv,92,-0.000237,28.00
3,92,-0.007441,28.00
proposed,93,0.197233,28.00
conv,93,0.032144,28.00
3,93,0.021067,28.00
proposed,94,0.186328,28.00
conv,94,0.032034,28.00
3,94,0.063655,28.00
proposed,95,0.284663,28.00
conv,95,0.004271,28.00
3,95,0.047159,28.00
proposed,96,0.331390,28.00
conv,96,0.019645,28.00
3,96,0.068377,28.00
proposed,97,0.067317,28.00
conv,97,-0.004392,28.00
3,97,0.029739,28.00
proposed,98,0.213377,28.00
conv,98,0.024761,28.00
3,98,0.034364,28.00
proposed,99,0.269849,28.00
conv,99,-0.001572,28.00
3,99,0.018336,28.00
proposed,0,0.347370,30.00
conv,0,0.019642,30.00
3,0,0.047115,30.00
proposed,1,0.328070,30.00
conv,1,0.037948,30.00
3,1,0.081641,30.00
proposed,2,0.518331,30.00
conv,2,0.102693,30.00
3,2,0.156223,30.00
proposed,3,0.478546,30.00
conv,3,0.099469,30.00
3,3,0.151608,30.00
proposed,4,0.468122,30.00
conv,4,0.110526,30.00
3,4,0.126671,30.00
proposed,5,0.518125,30.00
conv,5,0.096168,30.00
3,5,0.143856,30.00
proposed,6,0.502195,30.00
conv,6,0.085123,30.00
3,6,0.139768,30.00
proposed,7,0.538285,30.00
conv,7,0.088209,30.00
3,7,0.200670,30.00
proposed,8,0.513846,30.00
conv,8,0.093461,30.00
3,8,0.160820,30.00
proposed,9,0.459439,30.00
conv,9,0.083496,30.00
3,9,0.175698,30.00
proposed,10,0.474249,30.00
conv,10,0.094214,30.00
3,10,0.160772,30.00
proposed,11,0.520158,30.00
conv,11,0.120622,30.00
3,11,0.182674,30.00
proposed,12,0.504556,30.00
conv,12,0.102205,30.00
3,12,0.157945,30.00
proposed,13,0.452669,30.00
conv,13,0.073696,30.00
3,13,0.113684,30.00
proposed,14,0.499843,30.00
conv,14,0.077919,30.00
3,14,0.109917,30.00
proposed,15,0.522133,30.00
conv,15,0.083636,30.00
3,15,0.142674,30.00
proposed,16,0.403285,30.00
conv,16,0.073526,30.00
3,16,0.118139,30.00
proposed,17,0.474041,30.00
conv,17,0.071665,30.00
3,17,0.174838,30.00
proposed,18,0.486950,30.00
conv,18,0.093338,30.00
3,18,0.162693,30.00
proposed,19,0.503895,30.00
conv,19,0.102721,30.00
3,19,0.140406,30.00
proposed,20,0.515884,30.00
conv,20,0.067590,30.00
3,20,0.142273,30.00
proposed,21,0.508827,30.00
conv,21,0.110216,30.00
3,21,0.151143,30.00
proposed,22,0.457445,30.00
conv,22,0.101109,30.00
3,22,0.142376,30.00
proposed,23,0.472019,30.00
conv,23,0.052771,30.00
3,23,0.158087,30.00
proposed,24,0.412057,30.00
conv,24,0.078556,30.00
3,24,0.116722,30.00
proposed,25,0.488091,30.00
conv,25,0.060535,30.00
3,25,0.140826,30.00
proposed,26,0.372021,30.00
conv,26,0.052897,30.00
3,26,0.129745,30.00
proposed,27,0.490603,30.00
conv,27,0.054110,30.00
3,27,0.183883,30.00
proposed,28,0.510444,30.00
conv,28,0.088369,30.00
3,28,0.185767,30.00
proposed,29,0.495222,30.00
conv,29,0.068930,30.00
3,29,0.149877,30.00
proposed,30,0.507114,30.00
conv,30,0.093652,30.00
3,30,0.157969,30.00
proposed,31,0.508627,30.00
conv,31,0.121050,30.00
3,31,0.219364,30.00
proposed,32,0.276431,30.00
conv,32,0.035235,30.00
3,32,0.065021,30.00
proposed,33,0.444319,30.00
conv,33,0.105472,30.00
3,33,0.141346,30.00
proposed,34,0.497946,30.00
conv,34,0.088640,30.00
3,34,0.131710,30.00
proposed,35,0.526479,30.00
conv,35,0.129733,30.00
3,35,0.191598,30.00
proposed,36,0.412116,30.00
conv,36,0.068780,30.00
3,36,0.146226,30.00
proposed,37,0.476634,30.00
conv,37,0.088273,30.00
3,37,0.127384,30.00
proposed,38,0.494262,30.00
conv,38,0.114549,30.00
3,38,0.144014,30.00
proposed,39,0.494849,30.00
conv,39,0.093259,30.00
3,39,0.175197,30.00
proposed,40,0.460637,30.00
conv,40,0.057274,30.00
3,40,0.184294,30.00
proposed,41,0.476537,30.00
conv,41,0.086142,30.00
3,41,0.126680,30.00
proposed,42,0.535709,30.00
conv,42,0.099433,30.00
3,42,0.166380,30.00
proposed,43,0.495068,30.00
conv,43,0.103792,30.00
3,43,0.122597,30.00
proposed,44,0.461066,30.00
conv,44,0.078959,30.00
3,44,0.141154,30.00
proposed,45,0.480924,30.00
conv,45,0.055579,30.00
3,45,0.147625,30.00
proposed,46,0.503906,30.00
conv,46,0.077284,30.00
3,46,0.148060,30.00
proposed,47,0.513913,30.00
conv,47,0.103377,30.00
3,47,0.151265,30.00
proposed,48,0.370278,30.00
conv,48,0.028632,30.00
3,48,0.101084,30.00
proposed,49,0.440537,30.00
conv,49,0.083739,30.00
3,49,0.141777,30.00
proposed,50,0.478955,30.00
conv,50,0.072737,30.00
3,50,0.161471,30.00
proposed,51,0.424047,30.00
conv,51,0.057186,30.00
3,51,0.135002,30.00
proposed,52,0.436241,30.00
conv,52,0.060152,30.00
3,52,0.131728,30.00
proposed,53,0.440857,30.00
conv,53,0.052832,30.00
3,53,0.114866,30.00
proposed,54,0.490759,30.00
conv,54,0.083144,30.00
3,54,0.166727,30.00
proposed,55,0.463210,30.00
conv,55,0.085654,30.00
3,55,0.119462,30.00
proposed,56,0.477463,30.00
conv,56,0.079189,30.00
3,56,0.164590,30.00
proposed,57,0.440000,30.00
conv,57,0.092902,30.00
3,57,0.111420,30.00
proposed,58,0.428880,30.00
conv,58,0.134387,30.00
3,58,0.168542,30.00
proposed,59,0.394757,30.00
conv,59,0.053232,30.00
3,59,0.104635,30.00
proposed,60,0.435921,30.00
conv,60,0.088335,30.00
3,60,0.174624,30.00
proposed,61,0.412803,30.00
conv,61,0.089078,30.00
3,61,0.127605,30.00
proposed,62,0.531939,30.00
conv,62,0.127025,30.00
3,62,0.199280,30.00
proposed,63,0.468534,30.00
conv,63,0.087454,30.00
3,63,0.158976,30.00
proposed,64,0.486347,30.00
conv,64,0.059903,30.00
3,64,0.134990,30.00
proposed,65,0.325206,30.00
conv,65,0.078124,30.00
3,65,0.132904,30.00
proposed,66,0.307595,30.00
conv,66,0.101103,30.00
3,66,0.133466,30.00
proposed,67,0.389816,30.00
conv,67,0.097156,30.00
3,67,0.154494,30.00
proposed,68,0.410656,30.00
conv,68,0.068119,30.00
3,68,0.151748,30.00
proposed,69,0.394958,30.00
conv,69,0.114483,30.00
3,69,0.168724,30.00
proposed,70,0.399532,30.00
conv,70,0.110941,30.00
3,70,0.137210,30.00
proposed,71,0.303122,30.00
conv,71,0.102598,30.00
3,71,0.145131,30.00
proposed,72,0.379794,30.00
conv,72,0.109652,30.00
3,72,0.210442,30.00
proposed,73,0.308380,30.00
conv,73,0.063659,30.00
3,73,0.159103,30.00
proposed,74,0.363000,30.00
conv,74,0.084170,30.00
3,74,0.153842,30.00
proposed,75,0.450779,30.00
conv,75,0.046350,30.00
3,75,0.133155,30.00
proposed,76,0.407609,30.00
conv,76,0.081253,30.00
3,76,0.154421,30.00
proposed,77,0.398715,30.00
conv,77,0.110289,30.00
3,77,0.166761,30.00
proposed,78,0.405864,30.00
conv,78,0.089039,30.00
3,78,0.124784,30.00
proposed,79,0.378100,30.00
conv,79,0.041701,30.00
3,79,0.114319,30.00
proposed,80,0.372936,30.00
conv,80,0.080856,30.00
3,80,0.168938,30.00
proposed,81,0.486427,30.00
conv,81,0.120451,30.00
3,81,0.190879,30.00
proposed,82,0.440352,30.00
conv,82,0.107991,30.00
3,82,0.152547,30.00
proposed,83,0.444417,30.00
conv,83,0.115143,30.00
3,83,0.201687,30.00
proposed,84,0.483417,30.00
conv,84,0.084488,30.00
3,84,0.181526,30.00
proposed,85,0.366334,30.00
conv,85,0.068616,30.00
3,85,0.133623,30.00
proposed,86,0.461634,30.00
conv,86,0.105515,30.00
3,86,0.158327,30.00
proposed,87,0.497898,30.00
conv,87,0.077154,30.00
3,87,0.165634,30.00
proposed,88,0.396769,30.00
conv,88,0.120454,30.00
3,88,0.190626,30.00
proposed,89,0.469842,30.00
conv,89,0.099046,30.00
3,89,0.167792,30.00
proposed,90,0.458010,30.00
conv,90,0.080718,30.00
3,90,0.171810,30.00
proposed,91,0.500701,30.00
conv,91,0.097424,30.00
3,91,0.201141,30.00
proposed,92,0.523131,30.00
conv,92,0.109904,30.00
3,92,0.181387,30.00
proposed,93,0.506942,30.00
conv,93,0.100666,30.00
3,93,0.168019,30.00
proposed,94,0.474434,30.00
conv,94,0.113159,30.00
3,94,0.180743,30.00
proposed,95,0.539163,30.00
conv,95,0.115917,30.00
3,95,0.194602,30.00
proposed,96,0.495433,30.00
conv,96,0.083564,30.00
3,96,0.176884,30.00
proposed,97,0.473892,30.00
conv,97,0.081816,30.00
3,97,0.208729,30.00
proposed,98,0.402471,30.00
conv,98,0.079285,30.00
3,98,0.098899,30.00
proposed,99,0.504473,30.00
conv,99,0.087846,30.00
3,99,0.135058,30.00
proposed,0,0.581640,32.00
conv,0,0.185305,32.00
3,0,0.230125,32.00
proposed,1,0.612472,32.00
conv,1,0.387310,32.00
3,1,0.282343,32.00
proposed,2,0.650848,32.00
conv,2,0.441964,32.00
3,2,0.277794,32.00
proposed,3,0.633713,32.00
conv,3,0.428491,32.00
3,3,0.351369,32.00
proposed,4,0.609006,32.00
conv,4,0.424257,32.00
3,4,0.310476,32.00
proposed,5,0.662412,32.00
conv,5,0.405436,32.00
3,5,0.336111,32.00
proposed,6,0.652065,32.00
conv,6,0.460083,32.00
3,6,0.321105,32.00
proposed,7,0.701169,32.00
conv,7,0.456097,32.00
3,7,0.333483,32.00
proposed,8,0.662044,32.00
conv,8,0.421430,32.00
3,8,0.331974,32.00
proposed,9,0.634886,32.00
conv,9,0.425347,32.00
3,9,0.325686,32.00
proposed,10,0.630384,32.00
conv,10,0.416300,32.00
3,10,0.304243,32.00
proposed,11,0.651842,32.00
conv,11,0.472226,32.00
3,11,0.360835,32.00
proposed,12,0.659972,32.00
conv,12,0.430545,32.00
3,12,0.326799,32.00
proposed,13,0.620746,32.00
conv,13,0.340045,32.00
3,13,0.278408,32.00
proposed,14,0.688946,32.00
conv,14,0.415335,32.00
3,14,0.318188,32.00
proposed,15,0.679891,32.00
conv,15,0.472370,32.00
3,15,0.335842,32.00
proposed,16,0.635841,32.00
conv,16,0.444075,32.00
3,16,0.311196,32.00
proposed,17,0.624261,32.00
conv,17,0.464729,32.00
3,17,0.328034,32.00
proposed,18,0.647187,32.00
conv,18,0.416776,32.00
3,18,0.327414,32.00
proposed,19,0.613040,32.00
conv,19,0.422045,32.00
3,19,0.282662,32.00
proposed,20,0.620911,32.00
conv,20,0.392379,32.00
3,20,0.278494,32.00
proposed,21,0.678211,32.00
conv,21,0.435647,32.00
3,21,0.290789,32.00
proposed,22,0.630872,32.00
conv,22,0.408411,32.00
3,22,0.285124,32.00
proposed,23,0.634976,32.00
conv,23,0.430319,32.00
3,23,0.309646,32.00
proposed,24,0.653158,32.00
conv,24,0.420531,32.00
3,24,0.312374,32.00
proposed,25,0.626983,32.00
conv,25,0.403901,32.00
3,25,0.284114,32.00
proposed,26,0.625988,32.00
conv,26,0.426856,32.00
3,26,0.267204,32.00
proposed,27,0.680552,32.00
conv,27,0.450619,32.00
3,27,0.327787,32.00
proposed,28,0.672826,32.00
conv,28,0.499532,32.00
3,28,0.344410,32.00
proposed,29,0.673426,32.00
conv,29,0.459760,32.00
3,29,0.309404,32.00
proposed,30,0.674729,32.00
conv,30,0.477121,32.00
3,30,0.343389,32.00
proposed,31,0.671421,32.00
conv,31,0.504831,32.00
3,31,0.384944,32.00
proposed,32,0.633249,32.00
conv,32,0.427659,32.00
3,32,0.346985,32.00
proposed,33,0.644187,32.00
conv,33,0.444447,32.00
3,33,0.299492,32.00
proposed,34,0.653459,32.00
conv,34,0.440716,32.00
3,34,0.374250,32.00
proposed,35,0.660094,32.00
conv,35,0.452682,32.00
3,35,0.292487,32.00
proposed,36,0.667060,32.00
conv,36,0.481427,32.00
3,36,0.326248,32.00
proposed,37,0.633885,32.00
conv,37,0.449197,32.00
3,37,0.287554,32.00
proposed,38,0.632222,32.00
conv,38,0.387002,32.00
3,38,0.308235,32.00
proposed,39,0.647141,32.00
conv,39,0.464393,32.00
3,39,0.309884,32.00
proposed,40,0.662065,32.00
conv,40,0.450554,32.00
3,40,0.348592,32.00
proposed,41,0.608776,32.00
conv,41,0.388659,32.00
3,41,0.305852,32.00
proposed,42,0.676485,32.00
conv,42,0.440314,32.00
3,42,0.339724,32.00
proposed,43,0.674188,32.00
conv,43,0.457754,32.00
3,43,0.308646,32.00
proposed,44,0.610299,32.00
conv,44,0.344186,32.00
3,44,0.277217,32.00
proposed,45,0.563674,32.00
conv,45,0.316155,32.00
3,45,0.221850,32.00
proposed,46,0.687725,32.00
conv,46,0.425448,32.00
3,46,0.328966,32.00
proposed,47,0.678563,32.00
conv,47,0.436905,32.00
3,47,0.336411,32.00
proposed,48,0.517630,32.00
conv,48,0.323372,32.00
3,48,0.195064,32.00
proposed,49,0.594789,32.00
conv,49,0.377654,32.00
3,49,0.258699,32.00
proposed,50,0.599984,32.00
conv,50,0.357971,32.00
3,50,0.276980,32.00
proposed,51,0.579728,32.00
conv,51,0.410854,32.00
3,51,0.244593,32.00
proposed,52,0.587193,32.00
conv,52,0.367167,32.00
3,52,0.243221,32.00
proposed,53,0.574426,32.00
conv,53,0.372446,32.00
3,53,0.259302,32.00
proposed,54,0.606845,32.00
conv,54,0.407521,32.00
3,54,0.293660,32.00
proposed,55,0.610998,32.00
conv,55,0.414127,32.00
3,55,0.320727,32.00
proposed,56,0.624309,32.00
conv,56,0.399184,32.00
3,56,0.336815,32.00
proposed,57,0.575580,32.00
conv,57,0.350992,32.00
3,57,0.298465,32.00
proposed,58,0.627961,32.00
conv,58,0.382165,32.00
3,58,0.289088,32.00
proposed,59,0.552815,32.00
conv,59,0.354698,32.00
3,59,0.262419,32.00
proposed,60,0.606690,32.00
conv,60,0.428501,32.00
3,60,0.312660,32.00
proposed,61,0.564685,32.00
conv,61,0.380469,32.00
3,61,0.276586,32.00
proposed,62,0.647454,32.00
conv,62,0.508597,32.00
3,62,0.327158,32.00
proposed,63,0.611542,32.00
conv,63,0.437284,32.00
3,63,0.331679,32.00
proposed,64,0.639218,32.00
conv,64,0.422594,32.00
3,64,0.279050,32.00
proposed,65,0.570953,32.00
conv,65,0.469694,32.00
3,65,0.347712,32.00
proposed,66,0.478746,32.00
conv,66,0.374392,32.00
3,66,0.268244,32.00
proposed,67,0.531406,32.00
conv,67,0.202950,32.00
3,67,0.227789,32.00
proposed,68,0.536923,32.00
conv,68,0.341031,32.00
3,68,0.258464,32.00
proposed,69,0.503449,32.00
conv,69,0.459604,32.00
3,69,0.308291,32.00
proposed,70,0.527755,32.00
conv,70,0.379658,32.00
3,70,0.289411,32.00
proposed,71,0.510052,32.00
conv,71,0.404567,32.00
3,71,0.281571,32.00
proposed,72,0.534139,32.00
conv,72,0.378953,32.00
3,72,0.305588,32.00
proposed,73,0.536727,32.00
conv,73,0.378758,32.00
3,73,0.299417,32.00
proposed,74,0.529148,32.00
conv,74,0.392007,32.00
3,74,0.294125,32.00
proposed,75,0.581508,32.00
conv,75,0.406001,32.00
3,75,0.310673,32.00
proposed,76,0.542069,32.00
conv,76,0.399205,32.00
3,76,0.320769,32.00
proposed,77,0.416649,32.00
conv,77,0.290965,32.00
3,77,0.228373,32.00
proposed,78,0.565394,32.00
conv,78,0.427974,32.00
3,78,0.302696,32.00
proposed,79,0.575450,32.00
conv,79,0.432168,32.00
3,79,0.308416,32.00
proposed,80,0.557373,32.00
conv,80,0.401115,32.00
3,80,0.270230,32.00
proposed,81,0.645463,32.00
conv,81,0.468709,32.00
3,81,0.323438,32.00
proposed,82,0.616765,32.00
conv,82,0.451295,32.00
3,82,0.282544,32.00
proposed,83,0.617894,32.00
conv,83,0.399833,32.00
3,83,0.316430,32.00
proposed,84,0.644014,32.00
conv,84,0.435591,32.00
3,84,0.294067,32.00
proposed,85,0.632091,32.00
conv,85,0.399603,32.00
3,85,0.336587,32.00
proposed,86,0.608553,32.00
conv,86,0.397955,32.00
3,86,0.314728,32.00
proposed,87,0.649054,32.00
conv,87,0.464437,32.00
3,87,0.314763,32.00
proposed,88,0.510756,32.00
conv,88,0.375247,32.00
3,88,0.305950,32.00
proposed,89,0.606040,32.00
conv,89,0.455744,32.00
3,89,0.349569,32.00
proposed,90,0.606788,32.00
conv,90,0.363091,32.00
3,90,0.327185,32.00
proposed,91,0.632360,32.00
conv,91,0.423823,32.00
3,91,0.327813,32.00
proposed,92,0.570049,32.00
conv,92,0.177071,32.00
3,92,0.231866,32.00
proposed,93,0.522575,32.00
conv,93,0.176988,32.00
3,93,0.209335,32.00
proposed,94,0.536654,32.00
conv,94,0.193371,32.00
3,94,0.253713,32.00
proposed,95,0.547870,32.00
conv,95,0.173952,32.00
3,95,0.210418,32.00
proposed,96,0.448219,32.00
conv,96,0.131056,32.00
3,96,0.164459,32.00
proposed,97,0.486371,32.00
conv,97,0.097067,32.00
3,97,0.188856,32.00
proposed,98,0.397128,32.00
conv,98,0.117259,32.00
3,98,0.131552,32.00
proposed,99,0.545551,32.00
conv,99,0.152207,32.00
3,99,0.181387,32.00
proposed,0,0.691596,34.00
conv,0,0.632789,34.00
3,0,0.433333,34.00
proposed,1,0.724257,34.00
conv,1,0.762002,34.00
3,1,0.501914,34.00
proposed,2,0.744898,34.00
conv,2,0.745915,34.00
3,2,0.546854,34.00
proposed,3,0.743499,34.00
conv,3,0.771237,34.00
3,3,0.557279,34.00
proposed,4,0.738259,34.00
conv,4,0.744622,34.00
3,4,0.495322,34.00
proposed,5,0.744926,34.00
conv,5,0.761951,34.00
3,5,0.586505,34.00
proposed,6,0.749426,34.00
conv,6,0.768981,34.00
3,6,0.577210,34.00
proposed,7,0.796238,34.00
conv,7,0.823855,34.00
3,7,0.588521,34.00
proposed,8,0.758371,34.00
conv,8,0.783914,34.00
3,8,0.599929,34.00
proposed,9,0.747099,34.00
conv,9,0.766153,34.00
3,9,0.590579,34.00
proposed,10,0.745892,34.00
conv,10,0.781122,34.00
3,10,0.608749,34.00
proposed,11,0.755355,34.00
conv,11,0.772577,34.00
3,11,0.556704,34.00
proposed,12,0.765919,34.00
conv,12,0.794784,34.00
3,12,0.565522,34.00
proposed,13,0.743787,34.00
conv,13,0.759759,34.00
3,13,0.571815,34.00
proposed,14,0.771266,34.00
conv,14,0.794741,34.00
3,14,0.575519,34.00
proposed,15,0.765073,34.00
conv,15,0.781723,34.00
3,15,0.571250,34.00
proposed,16,0.734942,34.00
conv,16,0.755133,34.00
3,16,0.571855,34.00
proposed,17,0.778509,34.00
conv,17,0.787885,34.00
3,17,0.579896,34.00
proposed,18,0.745012,34.00
conv,18,0.777170,34.00
3,18,0.554125,34.00
proposed,19,0.740626,34.00
conv,19,0.781706,34.00
3,19,0.615794,34.00
proposed,20,0.742552,34.00
conv,20,0.762104,34.00
3,20,0.537906,34.00
proposed,21,0.743907,34.00
conv,21,0.780572,34.00
3,21,0.556032,34.00
proposed,22,0.720699,34.00
conv,22,0.736076,34.00
3,22,0.565495,34.00
proposed,23,0.753833,34.00
conv,23,0.780611,34.00
3,23,0.564169,34.00
proposed,24,0.763718,34.00
conv,24,0.781538,34.00
3,24,0.555205,34.00
proposed,25,0.733490,34.00
conv,25,0.767023,34.00
3,25,0.562281,34.00
proposed,26,0.746988,34.00
conv,26,0.751102,34.00
3,26,0.571289,34.00
proposed,27,0.764018,34.00
conv,27,0.793761,34.00
3,27,0.565907,34.00
proposed,28,0.752295,34.00
conv,28,0.781483,34.00
3,28,0.582128,34.00
proposed,29,0.754512,34.00
conv,29,0.775582,34.00
3,29,0.571473,34.00
proposed,30,0.757927,34.00
conv,30,0.794143,34.00
3,30,0.617605,34.00
proposed,31,0.770613,34.00
conv,31,0.799081,34.00
3,31,0.622008,34.00
proposed,32,0.715655,34.00
conv,32,0.755444,34.00
3,32,0.559147,34.00
proposed,33,0.724534,34.00
conv,33,0.757382,34.00
3,33,0.553497,34.00
proposed,34,0.745350,34.00
conv,34,0.777250,34.00
3,34,0.570828,34.00
proposed,35,0.745752,34.00
conv,35,0.784267,34.00
3,35,0.581571,34.00
proposed,36,0.735861,34.00
conv,36,0.734694,34.00
3,36,0.544822,34.00
proposed,37,0.745969,34.00
conv,37,0.770895,34.00
3,37,0.538528,34.00
proposed,38,0.730190,34.00
conv,38,0.733572,34.00
3,38,0.536896,34.00
proposed,39,0.750533,34.00
conv,39,0.782111,34.00
3,39,0.570045,34.00
proposed,40,0.764151,34.00
conv,40,0.795141,34.00
3,40,0.620815,34.00
proposed,41,0.727154,34.00
conv,41,0.744929,34.00
3,41,0.571165,34.00
proposed,42,0.755139,34.00
conv,42,0.776367,34.00
3,42,0.567706,34.00
proposed,43,0.748066,34.00
conv,43,0.786212,34.00
3,43,0.514590,34.00
proposed,44,0.700856,34.00
conv,44,0.718143,34.00
3,44,0.471632,34.00
proposed,45,0.652212,34.00
conv,45,0.429789,34.00
3,45,0.274265,34.00
proposed,46,0.702179,34.00
conv,46,0.604282,34.00
3,46,0.366231,34.00
proposed,47,0.686384,34.00
conv,47,0.405775,34.00
3,47,0.331661,34.00
proposed,48,0.547400,34.00
conv,48,0.404620,34.00
3,48,0.253253,34.00
proposed,49,0.599465,34.00
conv,49,0.416241,34.00
3,49,0.295901,34.00
proposed,50,0.625633,34.00
conv,50,0.440659,34.00
3,50,0.317375,34.00
proposed,51,0.584328,34.00
conv,51,0.440903,34.00
3,51,0.266779,34.00
proposed,52,0.639176,34.00
conv,52,0.411426,34.00
3,52,0.275394,34.00
proposed,53,0.595531,34.00
conv,53,0.373459,34.00
3,53,0.251769,34.00
proposed,54,0.621021,34.00
conv,54,0.420171,34.00
3,54,0.297586,34.00
proposed,55,0.615673,34.00
conv,55,0.503755,34.00
3,55,0.317304,34.00
proposed,56,0.641943,34.00
conv,56,0.384608,34.00
3,56,0.257766,34.00
proposed,57,0.554894,34.00
conv,57,0.327473,34.00
3,57,0.224189,34.00
proposed,58,0.631461,34.00
conv,58,0.476699,34.00
3,58,0.320079,34.00
proposed,59,0.571569,34.00
conv,59,0.452800,34.00
3,59,0.277630,34.00
proposed,60,0.599759,34.00
conv,60,0.438701,34.00
3,60,0.334155,34.00
proposed,61,0.594955,34.00
conv,61,0.417481,34.00
3,61,0.299400,34.00
proposed,62,0.652111,34.00
conv,62,0.493905,34.00
3,62,0.327636,34.00
proposed,63,0.622077,34.00
conv,63,0.466845,34.00
3,63,0.313511,34.00
proposed,64,0.741880,34.00
conv,64,0.776878,34.00
3,64,0.556495,34.00
proposed,65,0.704077,34.00
conv,65,0.775507,34.00
3,65,0.625260,34.00
proposed,66,0.701906,34.00
conv,66,0.777242,34.00
3,66,0.601622,34.00
proposed,67,0.740124,34.00
conv,67,0.782023,34.00
3,67,0.631589,34.00
proposed,68,0.672848,34.00
conv,68,0.738042,34.00
3,68,0.597906,34.00
proposed,69,0.712364,34.00
conv,69,0.772862,34.00
3,69,0.635011,34.00
proposed,70,0.709735,34.00
conv,70,0.757390,34.00
3,70,0.585802,34.00
proposed,71,0.686426,34.00
conv,71,0.756889,34.00
3,71,0.576499,34.00
proposed,72,0.695644,34.00
conv,72,0.765609,34.00
3,72,0.569117,34.00
proposed,73,0.695558,34.00
conv,73,0.756043,34.00
3,73,0.588740,34.00
proposed,74,0.694769,34.00
conv,74,0.759504,34.00
3,74,0.611315,34.00
proposed,75,0.726044,34.00
conv,75,0.789057,34.00
3,75,0.632725,34.00
proposed,76,0.689435,34.00
conv,76,0.763138,34.00
3,76,0.579527,34.00
proposed,77,0.687629,34.00
conv,77,0.748283,34.00
3,77,0.581231,34.00
proposed,78,0.699667,34.00
conv,78,0.762658,34.00
3,78,0.593911,34.00
proposed,79,0.714299,34.00
conv,79,0.771849,34.00
3,79,0.616921,34.00
proposed,80,0.638329,34.00
conv,80,0.701680,34.00
3,80,0.500206,34.00
proposed,81,0.692234,34.00
conv,81,0.672003,34.00
3,81,0.467515,34.00
proposed,82,0.729475,34.00
conv,82,0.749372,34.00
3,82,0.520216,34.00
proposed,83,0.734198,34.00
conv,83,0.771347,34.00
3,83,0.495681,34.00
proposed,84,0.710724,34.00
conv,84,0.714782,34.00
3,84,0.470951,34.00
proposed,85,0.726443,34.00
conv,85,0.769101,34.00
3,85,0.493777,34.00
proposed,86,0.722898,34.00
conv,86,0.753186,34.00
3,86,0.453371,34.00
proposed,87,0.696042,34.00
conv,87,0.677641,34.00
3,87,0.387554,34.00
proposed,88,0.650142,34.00
conv,88,0.665229,34.00
3,88,0.442398,34.00
proposed,89,0.663083,34.00
conv,89,0.630409,34.00
3,89,0.403364,34.00
proposed,90,0.689679,34.00
conv,90,0.663200,34.00
3,90,0.396593,34.00
proposed,91,0.740019,34.00
conv,91,0.791045,34.00
3,91,0.552212,34.00
proposed,92,0.742812,34.00
conv,92,0.777880,34.00
3,92,0.539711,34.00
proposed,93,0.731529,34.00
conv,93,0.757040,34.00
3,93,0.507072,34.00
proposed,94,0.724442,34.00
conv,94,0.777887,34.00
3,94,0.566107,34.00
proposed,95,0.744638,34.00
conv,95,0.690065,34.00
3,95,0.506853,34.00
proposed,96,0.708610,34.00
conv,96,0.611033,34.00
3,96,0.400102,34.00
proposed,97,0.680289,34.00
conv,97,0.632040,34.00
3,97,0.400303,34.00
proposed,98,0.659840,34.00
conv,98,0.570683,34.00
3,98,0.340256,34.00
proposed,99,0.677965,34.00
conv,99,0.508545,34.00
3,99,0.335262,34.00
proposed,0,0.759561,38.00
conv,0,0.758998,38.00
3,0,0.796810,38.00
proposed,1,0.773180,38.00
conv,1,0.770260,38.00
3,1,0.802005,38.00
proposed,2,0.771773,38.00
conv,2,0.770271,38.00
3,2,0.802987,38.00
proposed,3,0.781231,38.00
conv,3,0.781212,38.00
3,3,0.815896,38.00
proposed,4,0.778511,38.00
conv,4,0.771170,38.00
3,4,0.814443,38.00
proposed,5,0.788282,38.00
conv,5,0.784773,38.00
3,5,0.818334,38.00
proposed,6,0.784957,38.00
conv,6,0.783992,38.00
3,6,0.819092,38.00
proposed,7,0.826290,38.00
conv,7,0.827443,38.00
3,7,0.847604,38.00
proposed,8,0.802229,38.00
conv,8,0.801492,38.00
3,8,0.834134,38.00
proposed,9,0.778166,38.00
conv,9,0.778292,38.00
3,9,0.815325,38.00
proposed,10,0.780635,38.00
conv,10,0.780159,38.00
3,10,0.813917,38.00
proposed,11,0.784182,38.00
conv,11,0.783052,38.00
3,11,0.824800,38.00
proposed,12,0.803029,38.00
conv,12,0.802445,38.00
3,12,0.835520,38.00
proposed,13,0.768690,38.00
conv,13,0.765013,38.00
3,13,0.797247,38.00
proposed,14,0.799180,38.00
conv,14,0.798060,38.00
3,14,0.830013,38.00
proposed,15,0.800077,38.00
conv,15,0.800736,38.00
3,15,0.830346,38.00
proposed,16,0.779791,38.00
conv,16,0.778338,38.00
3,16,0.809473,38.00
proposed,17,0.800815,38.00
conv,17,0.799595,38.00
3,17,0.840043,38.00
proposed,18,0.782689,38.00
conv,18,0.778757,38.00
3,18,0.813470,38.00
proposed,19,0.789576,38.00
conv,19,0.785369,38.00
3,19,0.823818,38.00
proposed,20,0.777221,38.00
conv,20,0.776003,38.00
3,20,0.805390,38.00
proposed,21,0.784733,38.00
conv,21,0.784755,38.00
3,21,0.817300,38.00
proposed,22,0.757208,38.00
conv,22,0.754530,38.00
3,22,0.798542,38.00
proposed,23,0.795103,38.00
conv,23,0.788137,38.00
3,23,0.828904,38.00
proposed,24,0.794037,38.00
conv,24,0.791643,38.00
3,24,0.824839,38.00
proposed,25,0.769762,38.00
conv,25,0.769337,38.00
3,25,0.798777,38.00
proposed,26,0.779004,38.00
conv,26,0.774197,38.00
3,26,0.808545,38.00
proposed,27,0.798243,38.00
conv,27,0.797393,38.00
3,27,0.825251,38.00
proposed,28,0.800031,38.00
conv,28,0.798236,38.00
3,28,0.830314,38.00
proposed,29,0.793505,38.00
conv,29,0.793893,38.00
3,29,0.821102,38.00
proposed,30,0.797851,38.00
conv,30,0.798076,38.00
3,30,0.825007,38.00
proposed,31,0.808352,38.00
conv,31,0.808227,38.00
3,31,0.841593,38.00
proposed,32,0.760169,38.00
conv,32,0.759822,38.00
3,32,0.796486,38.00
proposed,33,0.761203,38.00
conv,33,0.760626,38.00
3,33,0.800154,38.00
proposed,34,0.780193,38.00
conv,34,0.779859,38.00
3,34,0.821710,38.00
proposed,35,0.791784,38.00
conv,35,0.790694,38.00
3,35,0.826926,38.00
proposed,36,0.773524,38.00
conv,36,0.772884,38.00
3,36,0.805044,38.00
proposed,37,0.778492,38.00
conv,37,0.776317,38.00
3,37,0.812184,38.00
proposed,38,0.767709,38.00
conv,38,0.766622,38.00
3,38,0.806057,38.00
proposed,39,0.789719,38.00
conv,39,0.790261,38.00
3,39,0.819711,38.00
proposed,40,0.801928,38.00
conv,40,0.802726,38.00
3,40,0.834809,38.00
proposed,41,0.759131,38.00
conv,41,0.759963,38.00
3,41,0.803279,38.00
proposed,42,0.792767,38.00
conv,42,0.792442,38.00
3,42,0.824277,38.00
proposed,43,0.797913,38.00
conv,43,0.798298,38.00
3,43,0.826509,38.00
proposed,44,0.767342,38.00
conv,44,0.767801,38.00
3,44,0.805699,38.00
proposed,45,0.768921,38.00
conv,45,0.769061,38.00
3,45,0.801434,38.00
proposed,46,0.811788,38.00
conv,46,0.811346,38.00
3,46,0.836139,38.00
proposed,47,0.808025,38.00
conv,47,0.801856,38.00
3,47,0.831327,38.00
proposed,48,0.662421,38.00
conv,48,0.664154,38.00
3,48,0.698260,38.00
proposed,49,0.709860,38.00
conv,49,0.711147,38.00
3,49,0.743951,38.00
proposed,50,0.722076,38.00
conv,50,0.722123,38.00
3,50,0.754461,38.00
proposed,51,0.710655,38.00
conv,51,0.710420,38.00
3,51,0.748811,38.00
proposed,52,0.712412,38.00
conv,52,0.712231,38.00
3,52,0.744452,38.00
proposed,53,0.719970,38.00
conv,53,0.719262,38.00
3,53,0.755793,38.00
proposed,54,0.778048,38.00
conv,54,0.777019,38.00
3,54,0.811557,38.00
proposed,55,0.753509,38.00
conv,55,0.753735,38.00
3,55,0.789066,38.00
proposed,56,0.765490,38.00
conv,56,0.765804,38.00
3,56,0.793423,38.00
proposed,57,0.720689,38.00
conv,57,0.720164,38.00
3,57,0.751071,38.00
proposed,58,0.761115,38.00
conv,58,0.761310,38.00
3,58,0.788689,38.00
proposed,59,0.679717,38.00
conv,59,0.678832,38.00
3,59,0.712218,38.00
proposed,60,0.748972,38.00
conv,60,0.749098,38.00
3,60,0.786804,38.00
proposed,61,0.706611,38.00
conv,61,0.706018,38.00
3,61,0.744079,38.00
proposed,62,0.811718,38.00
conv,62,0.810733,38.00
3,62,0.837898,38.00
proposed,63,0.767399,38.00
conv,63,0.768365,38.00
3,63,0.802898,38.00
proposed,64,0.786856,38.00
conv,64,0.787935,38.00
3,64,0.821334,38.00
proposed,65,0.786922,38.00
conv,65,0.787360,38.00
3,65,0.825974,38.00
proposed,66,0.778248,38.00
conv,66,0.778373,38.00
3,66,0.820368,38.00
proposed,67,0.792915,38.00
conv,67,0.787565,38.00
3,67,0.827895,38.00
proposed,68,0.755215,38.00
conv,68,0.754598,38.00
3,68,0.802502,38.00
proposed,69,0.774776,38.00
conv,69,0.776828,38.00
3,69,0.822523,38.00
proposed,70,0.764953,38.00
conv,70,0.764350,38.00
3,70,0.802079,38.00
proposed,71,0.767193,38.00
conv,71,0.767292,38.00
3,71,0.806851,38.00
proposed,72,0.771044,38.00
conv,72,0.767274,38.00
3,72,0.820458,38.00
proposed,73,0.759122,38.00
conv,73,0.758100,38.00
3,73,0.804731,38.00
proposed,74,0.763582,38.00
conv,74,0.761130,38.00
3,74,0.810683,38.00
proposed,75,0.790717,38.00
conv,75,0.786822,38.00
3,75,0.831050,38.00
proposed,76,0.762368,38.00
conv,76,0.763276,38.00
3,76,0.805936,38.00
proposed,77,0.758365,38.00
conv,77,0.758123,38.00
3,77,0.799068,38.00
proposed,78,0.773577,38.00
conv,78,0.773061,38.00
3,78,0.817824,38.00
proposed,79,0.772054,38.00
conv,79,0.772747,38.00
3,79,0.806168,38.00
proposed,80,0.749393,38.00
conv,80,0.750125,38.00
3,80,0.788095,38.00
proposed,81,0.810569,38.00
conv,81,0.810618,38.00
3,81,0.845260,38.00
proposed,82,0.797841,38.00
conv,82,0.797182,38.00
3,82,0.836362,38.00
proposed,83,0.822496,38.00
conv,83,0.820882,38.00
3,83,0.851809,38.00
proposed,84,0.830827,38.00
conv,84,0.831293,38.00
3,84,0.860116,38.00
proposed,85,0.804004,38.00
conv,85,0.804060,38.00
3,85,0.838811,38.00
proposed,86,0.812164,38.00
conv,86,0.810447,38.00
3,86,0.847486,38.00
proposed,87,0.819244,38.00
conv,87,0.817927,38.00
3,87,0.847467,38.00
proposed,88,0.787369,38.00
conv,88,0.790173,38.00
3,88,0.823282,38.00
proposed,89,0.815702,38.00
conv,89,0.816077,38.00
3,89,0.844576,38.00
proposed,90,0.818936,38.00
conv,90,0.818181,38.00
3,90,0.855438,38.00
proposed,91,0.838469,38.00
conv,91,0.839060,38.00
3,91,0.864453,38.00
proposed,92,0.836483,38.00
conv,92,0.836918,38.00
3,92,0.865596,38.00
proposed,93,0.822779,38.00
conv,93,0.822096,38.00
3,93,0.850539,38.00
proposed,94,0.833589,38.00
conv,94,0.829456,38.00
3,94,0.864900,38.00
proposed,95,0.821682,38.00
conv,95,0.821952,38.00
3,95,0.844727,38.00
proposed,96,0.794309,38.00
conv,96,0.794569,38.00
3,96,0.819687,38.00
proposed,97,0.796425,38.00
conv,97,0.798290,38.00
3,97,0.826447,38.00
proposed,98,0.773851,38.00
conv,98,0.773373,38.00
3,98,0.802894,38.00
proposed,99,0.810862,38.00
conv,99,0.810794,38.00
3,99,0.836251,38.00
proposed,0,0.760690,36.00
conv,0,0.757397,36.00
3,0,0.796694,36.00
proposed,1,0.773377,36.00
conv,1,0.771376,36.00
3,1,0.801250,36.00
proposed,2,0.772152,36.00
conv,2,0.769694,36.00
3,2,0.801575,36.00
proposed,3,0.781266,36.00
conv,3,0.781171,36.00
3,3,0.815007,36.00
proposed,4,0.779268,36.00
conv,4,0.779827,36.00
3,4,0.810218,36.00
proposed,5,0.787828,36.00
conv,5,0.785570,36.00
3,5,0.818633,36.00
proposed,6,0.785002,36.00
conv,6,0.782972,36.00
3,6,0.819556,36.00
proposed,7,0.826932,36.00
conv,7,0.826011,36.00
3,7,0.844647,36.00
proposed,8,0.802603,36.00
conv,8,0.800293,36.00
3,8,0.833303,36.00
proposed,9,0.779755,36.00
conv,9,0.777985,36.00
3,9,0.814866,36.00
proposed,10,0.778347,36.00
conv,10,0.780875,36.00
3,10,0.818771,36.00
proposed,11,0.783917,36.00
conv,11,0.783910,36.00
3,11,0.824746,36.00
proposed,12,0.802621,36.00
conv,12,0.803132,36.00
3,12,0.834564,36.00
proposed,13,0.768699,36.00
conv,13,0.766397,36.00
3,13,0.798470,36.00
proposed,14,0.799748,36.00
conv,14,0.799597,36.00
3,14,0.828744,36.00
proposed,15,0.800214,36.00
conv,15,0.798676,36.00
3,15,0.830978,36.00
proposed,16,0.780164,36.00
conv,16,0.779491,36.00
3,16,0.809013,36.00
proposed,17,0.800645,36.00
conv,17,0.796462,36.00
3,17,0.839596,36.00
proposed,18,0.782047,36.00
conv,18,0.781216,36.00
3,18,0.808906,36.00
proposed,19,0.789667,36.00
conv,19,0.786751,36.00
3,19,0.820703,36.00
proposed,20,0.777246,36.00
conv,20,0.777242,36.00
3,20,0.804393,36.00
proposed,21,0.784909,36.00
conv,21,0.785069,36.00
3,21,0.818403,36.00
proposed,22,0.757124,36.00
conv,22,0.756718,36.00
3,22,0.798895,36.00
proposed,23,0.795613,36.00
conv,23,0.791519,36.00
3,23,0.829355,36.00
proposed,24,0.794428,36.00
conv,24,0.791708,36.00
3,24,0.825086,36.00
proposed,25,0.769582,36.00
conv,25,0.770224,36.00
3,25,0.798449,36.00
proposed,26,0.779210,36.00
conv,26,0.778455,36.00
3,26,0.807892,36.00
proposed,27,0.798561,36.00
conv,27,0.796840,36.00
3,27,0.825450,36.00
proposed,28,0.799652,36.00
conv,28,0.800569,36.00
3,28,0.831469,36.00
proposed,29,0.794040,36.00
conv,29,0.791803,36.00
3,29,0.820909,36.00
proposed,30,0.797821,36.00
conv,30,0.797780,36.00
3,30,0.824593,36.00
proposed,31,0.808454,36.00
conv,31,0.807788,36.00
3,31,0.842007,36.00
proposed,32,0.760104,36.00
conv,32,0.759890,36.00
3,32,0.796157,36.00
proposed,33,0.761412,36.00
conv,33,0.760160,36.00
3,33,0.799939,36.00
proposed,34,0.779122,36.00
conv,34,0.780155,36.00
3,34,0.822757,36.00
proposed,35,0.790638,36.00
conv,35,0.791197,36.00
3,35,0.828210,36.00
proposed,36,0.772984,36.00
conv,36,0.773611,36.00
3,36,0.804141,36.00
proposed,37,0.778908,36.00
conv,37,0.778612,36.00
3,37,0.813183,36.00
proposed,38,0.768765,36.00
conv,38,0.766277,36.00
3,38,0.805701,36.00
proposed,39,0.789847,36.00
conv,39,0.790325,36.00
3,39,0.818939,36.00
proposed,40,0.801956,36.00
conv,40,0.802567,36.00
3,40,0.834283,36.00
proposed,41,0.759498,36.00
conv,41,0.757098,36.00
3,41,0.802774,36.00
proposed,42,0.793285,36.00
conv,42,0.792768,36.00
3,42,0.824118,36.00
proposed,43,0.797921,36.00
conv,43,0.798606,36.00
3,43,0.827005,36.00
proposed,44,0.768971,36.00
conv,44,0.766512,36.00
3,44,0.806781,36.00
proposed,45,0.769449,36.00
conv,45,0.769777,36.00
3,45,0.799099,36.00
proposed,46,0.811452,36.00
conv,46,0.810600,36.00
3,46,0.835415,36.00
proposed,47,0.807989,36.00
conv,47,0.806769,36.00
3,47,0.831242,36.00
proposed,48,0.663198,36.00
conv,48,0.663543,36.00
3,48,0.698371,36.00
proposed,49,0.710023,36.00
conv,49,0.708558,36.00
3,49,0.745385,36.00
proposed,50,0.721477,36.00
conv,50,0.721142,36.00
3,50,0.753574,36.00
proposed,51,0.712136,36.00
conv,51,0.710016,36.00
3,51,0.749518,36.00
proposed,52,0.712453,36.00
conv,52,0.710577,36.00
3,52,0.744246,36.00
proposed,53,0.719882,36.00
conv,53,0.719053,36.00
3,53,0.756565,36.00
proposed,54,0.777468,36.00
conv,54,0.776957,36.00
3,54,0.812527,36.00
proposed,55,0.753895,36.00
conv,55,0.752679,36.00
3,55,0.788689,36.00
proposed,56,0.765307,36.00
conv,56,0.763649,36.00
3,56,0.791479,36.00
proposed,57,0.719499,36.00
conv,57,0.719460,36.00
3,57,0.753700,36.00
proposed,58,0.761176,36.00
conv,58,0.762663,36.00
3,58,0.788431,36.00
proposed,59,0.680133,36.00
conv,59,0.680275,36.00
3,59,0.712996,36.00
proposed,60,0.747095,36.00
conv,60,0.747969,36.00
3,60,0.788625,36.00
proposed,61,0.705085,36.00
conv,61,0.706284,36.00
3,61,0.744040,36.00
proposed,62,0.810958,36.00
conv,62,0.811183,36.00
3,62,0.834599,36.00
proposed,63,0.767485,36.00
conv,63,0.768145,36.00
3,63,0.801876,36.00
proposed,64,0.786205,36.00
conv,64,0.788143,36.00
3,64,0.818049,36.00
proposed,65,0.781364,36.00
conv,65,0.784461,36.00
3,65,0.825355,36.00
proposed,66,0.778172,36.00
conv,66,0.777618,36.00
3,66,0.819379,36.00
proposed,67,0.792158,36.00
conv,67,0.789176,36.00
3,67,0.827638,36.00
proposed,68,0.749961,36.00
conv,68,0.754562,36.00
3,68,0.801386,36.00
proposed,69,0.774245,36.00
conv,69,0.776938,36.00
3,69,0.821821,36.00
proposed,70,0.761959,36.00
conv,70,0.762843,36.00
3,70,0.801886,36.00
proposed,71,0.767292,36.00
conv,71,0.768760,36.00
3,71,0.806924,36.00
proposed,72,0.764909,36.00
conv,72,0.770924,36.00
3,72,0.821776,36.00
proposed,73,0.759000,36.00
conv,73,0.759071,36.00
3,73,0.803971,36.00
proposed,74,0.760477,36.00
conv,74,0.762321,36.00
3,74,0.808282,36.00
proposed,75,0.791417,36.00
conv,75,0.790241,36.00
3,75,0.830803,36.00
proposed,76,0.759982,36.00
conv,76,0.762628,36.00
3,76,0.805835,36.00
proposed,77,0.752930,36.00
conv,77,0.759238,36.00
3,77,0.795855,36.00
proposed,78,0.772474,36.00
conv,78,0.772640,36.00
3,78,0.818185,36.00
proposed,79,0.761156,36.00
conv,79,0.772482,36.00
3,79,0.807779,36.00
proposed,80,0.750835,36.00
conv,80,0.750888,36.00
3,80,0.788929,36.00
proposed,81,0.811001,36.00
conv,81,0.811070,36.00
3,81,0.843722,36.00
proposed,82,0.797908,36.00
conv,82,0.796056,36.00
3,82,0.832225,36.00
proposed,83,0.821648,36.00
conv,83,0.820281,36.00
3,83,0.853253,36.00
proposed,84,0.831588,36.00
conv,84,0.831460,36.00
3,84,0.859905,36.00
proposed,85,0.804710,36.00
conv,85,0.804860,36.00
3,85,0.838233,36.00
proposed,86,0.812337,36.00
conv,86,0.810508,36.00
3,86,0.846717,36.00
proposed,87,0.819201,36.00
conv,87,0.818544,36.00
3,87,0.846874,36.00
proposed,88,0.788317,36.00
conv,88,0.789807,36.00
3,88,0.822872,36.00
proposed,89,0.815277,36.00
conv,89,0.816989,36.00
3,89,0.844096,36.00
proposed,90,0.819368,36.00
conv,90,0.818883,36.00
3,90,0.854009,36.00
proposed,91,0.838839,36.00
conv,91,0.839065,36.00
3,91,0.864373,36.00
proposed,92,0.836833,36.00
conv,92,0.837355,36.00
3,92,0.863883,36.00
proposed,93,0.822947,36.00
conv,93,0.823615,36.00
3,93,0.850357,36.00
proposed,94,0.831322,36.00
conv,94,0.830665,36.00
3,94,0.866236,36.00
proposed,95,0.821421,36.00
conv,95,0.818191,36.00
3,95,0.847358,36.00
proposed,96,0.794373,36.00
conv,96,0.794492,36.00
3,96,0.819180,36.00
proposed,97,0.797165,36.00
conv,97,0.797840,36.00
3,97,0.828505,36.00
proposed,98,0.774493,36.00
conv,98,0.772828,36.00
3,98,0.803196,36.00
proposed,99,0.811093,36.00
conv,99,0.810505,36.00
3,99,0.836634,36.00proposed,0,0.759658,100.00
conv,0,0.754516,100.00
3,0,0.798120,100.00
proposed,1,0.773153,100.00
conv,1,0.770817,100.00
3,1,0.796977,100.00
proposed,2,0.771702,100.00
conv,2,0.770552,100.00
3,2,0.803276,100.00
proposed,3,0.781365,100.00
conv,3,0.780830,100.00
3,3,0.815867,100.00
proposed,4,0.777869,100.00
conv,4,0.778041,100.00
3,4,0.813436,100.00
proposed,5,0.787614,100.00
conv,5,0.787177,100.00
3,5,0.818447,100.00
proposed,6,0.785204,100.00
conv,6,0.783510,100.00
3,6,0.819025,100.00
proposed,7,0.826858,100.00
conv,7,0.826975,100.00
3,7,0.847238,100.00
proposed,8,0.802823,100.00
conv,8,0.801764,100.00
3,8,0.834753,100.00
proposed,9,0.778281,100.00
conv,9,0.778103,100.00
3,9,0.815944,100.00
proposed,10,0.778795,100.00
conv,10,0.780352,100.00
3,10,0.817350,100.00
proposed,11,0.784418,100.00
conv,11,0.783334,100.00
3,11,0.824000,100.00
proposed,12,0.802657,100.00
conv,12,0.803696,100.00
3,12,0.834452,100.00
proposed,13,0.768621,100.00
conv,13,0.766759,100.00
3,13,0.798377,100.00
proposed,14,0.799403,100.00
conv,14,0.798842,100.00
3,14,0.829452,100.00
proposed,15,0.799939,100.00
conv,15,0.799475,100.00
3,15,0.830961,100.00
proposed,16,0.777277,100.00
conv,16,0.778391,100.00
3,16,0.809329,100.00
proposed,17,0.801218,100.00
conv,17,0.801848,100.00
3,17,0.839904,100.00
proposed,18,0.782848,100.00
conv,18,0.778016,100.00
3,18,0.813085,100.00
proposed,19,0.789003,100.00
conv,19,0.787677,100.00
3,19,0.824274,100.00
proposed,20,0.777380,100.00
conv,20,0.777202,100.00
3,20,0.805747,100.00
proposed,21,0.785413,100.00
conv,21,0.784334,100.00
3,21,0.817893,100.00
proposed,22,0.755728,100.00
conv,22,0.757010,100.00
3,22,0.799076,100.00
proposed,23,0.794350,100.00
conv,23,0.795302,100.00
3,23,0.829115,100.00
proposed,24,0.793582,100.00
conv,24,0.792403,100.00
3,24,0.824973,100.00
proposed,25,0.769698,100.00
conv,25,0.770143,100.00
3,25,0.798387,100.00
proposed,26,0.779010,100.00
conv,26,0.776559,100.00
3,26,0.807959,100.00
proposed,27,0.798623,100.00
conv,27,0.797995,100.00
3,27,0.825785,100.00
proposed,28,0.799848,100.00
conv,28,0.799385,100.00
3,28,0.831098,100.00
proposed,29,0.793719,100.00
conv,29,0.792066,100.00
3,29,0.821040,100.00
proposed,30,0.798031,100.00
conv,30,0.796925,100.00
3,30,0.824138,100.00
proposed,31,0.808225,100.00
conv,31,0.807765,100.00
3,31,0.842037,100.00
proposed,32,0.760432,100.00
conv,32,0.757514,100.00
3,32,0.795914,100.00
proposed,33,0.760913,100.00
conv,33,0.760461,100.00
3,33,0.798894,100.00
proposed,34,0.779676,100.00
conv,34,0.778024,100.00
3,34,0.822318,100.00
proposed,35,0.791696,100.00
conv,35,0.790671,100.00
3,35,0.827911,100.00
proposed,36,0.774492,100.00
conv,36,0.772756,100.00
3,36,0.804429,100.00
proposed,37,0.779366,100.00
conv,37,0.778933,100.00
3,37,0.812543,100.00
proposed,38,0.767764,100.00
conv,38,0.766067,100.00
3,38,0.805322,100.00
proposed,39,0.789784,100.00
conv,39,0.790131,100.00
3,39,0.819393,100.00
proposed,40,0.801460,100.00
conv,40,0.802044,100.00
3,40,0.833793,100.00
proposed,41,0.759359,100.00
conv,41,0.760428,100.00
3,41,0.803024,100.00
proposed,42,0.793199,100.00
conv,42,0.792350,100.00
3,42,0.824006,100.00
proposed,43,0.798195,100.00
conv,43,0.797307,100.00
3,43,0.826724,100.00
proposed,44,0.767247,100.00
conv,44,0.768017,100.00
3,44,0.805568,100.00
proposed,45,0.768307,100.00
conv,45,0.766655,100.00
3,45,0.801678,100.00
proposed,46,0.811036,100.00
conv,46,0.807534,100.00
3,46,0.835763,100.00
proposed,47,0.807791,100.00
conv,47,0.806972,100.00
3,47,0.831340,100.00
proposed,48,0.663135,100.00
conv,48,0.664556,100.00
3,48,0.699645,100.00
proposed,49,0.710181,100.00
conv,49,0.710474,100.00
3,49,0.746493,100.00
proposed,50,0.722670,100.00
conv,50,0.721041,100.00
3,50,0.754396,100.00
proposed,51,0.711816,100.00
conv,51,0.711609,100.00
3,51,0.748474,100.00
proposed,52,0.712799,100.00
conv,52,0.712606,100.00
3,52,0.744959,100.00
proposed,53,0.720182,100.00
conv,53,0.719273,100.00
3,53,0.756244,100.00
proposed,54,0.778112,100.00
conv,54,0.775110,100.00
3,54,0.810528,100.00
proposed,55,0.752444,100.00
conv,55,0.749309,100.00
3,55,0.788596,100.00
proposed,56,0.764189,100.00
conv,56,0.765123,100.00
3,56,0.793173,100.00
proposed,57,0.720204,100.00
conv,57,0.720700,100.00
3,57,0.754043,100.00
proposed,58,0.761407,100.00
conv,58,0.762683,100.00
3,58,0.788996,100.00
proposed,59,0.679354,100.00
conv,59,0.680285,100.00
3,59,0.712579,100.00
proposed,60,0.748631,100.00
conv,60,0.747089,100.00
3,60,0.786693,100.00
proposed,61,0.706916,100.00
conv,61,0.705167,100.00
3,61,0.744262,100.00
proposed,62,0.811752,100.00
conv,62,0.809900,100.00
3,62,0.836524,100.00
proposed,63,0.767702,100.00
conv,63,0.769086,100.00
3,63,0.802604,100.00
proposed,64,0.787227,100.00
conv,64,0.787400,100.00
3,64,0.820056,100.00
proposed,65,0.785538,100.00
conv,65,0.786227,100.00
3,65,0.825029,100.00
proposed,66,0.776560,100.00
conv,66,0.778502,100.00
3,66,0.820425,100.00
proposed,67,0.792073,100.00
conv,67,0.786939,100.00
3,67,0.827841,100.00
proposed,68,0.755595,100.00
conv,68,0.754498,100.00
3,68,0.802181,100.00
proposed,69,0.776093,100.00
conv,69,0.777095,100.00
3,69,0.822219,100.00
proposed,70,0.765444,100.00
conv,70,0.763637,100.00
3,70,0.797276,100.00
proposed,71,0.767222,100.00
conv,71,0.769356,100.00
3,71,0.807345,100.00
proposed,72,0.771571,100.00
conv,72,0.770231,100.00
3,72,0.821412,100.00
proposed,73,0.758400,100.00
conv,73,0.758980,100.00
3,73,0.804571,100.00
proposed,74,0.764268,100.00
conv,74,0.762811,100.00
3,74,0.810035,100.00
proposed,75,0.788695,100.00
conv,75,0.790026,100.00
3,75,0.828199,100.00
proposed,76,0.761976,100.00
conv,76,0.763086,100.00
3,76,0.805765,100.00
proposed,77,0.758206,100.00
conv,77,0.759135,100.00
3,77,0.799189,100.00
proposed,78,0.773257,100.00
conv,78,0.773541,100.00
3,78,0.818480,100.00
proposed,79,0.773043,100.00
conv,79,0.772265,100.00
3,79,0.810271,100.00
proposed,80,0.748946,100.00
conv,80,0.751000,100.00
3,80,0.791141,100.00
proposed,81,0.810615,100.00
conv,81,0.810623,100.00
3,81,0.845799,100.00
proposed,82,0.797071,100.00
conv,82,0.797040,100.00
3,82,0.836870,100.00
proposed,83,0.821621,100.00
conv,83,0.821077,100.00
3,83,0.851414,100.00
proposed,84,0.831369,100.00
conv,84,0.831461,100.00
3,84,0.860892,100.00
proposed,85,0.803676,100.00
conv,85,0.803709,100.00
3,85,0.838113,100.00
proposed,86,0.811676,100.00
conv,86,0.810273,100.00
3,86,0.847150,100.00
proposed,87,0.819470,100.00
conv,87,0.818660,100.00
3,87,0.847296,100.00
proposed,88,0.790232,100.00
conv,88,0.789693,100.00
3,88,0.822910,100.00
proposed,89,0.816338,100.00
conv,89,0.816240,100.00
3,89,0.843777,100.00
proposed,90,0.818594,100.00
conv,90,0.817985,100.00
3,90,0.854299,100.00
proposed,91,0.835876,100.00
conv,91,0.838510,100.00
3,91,0.862165,100.00
proposed,92,0.836679,100.00
conv,92,0.836800,100.00
3,92,0.866333,100.00
proposed,93,0.823129,100.00
conv,93,0.822297,100.00
3,93,0.850364,100.00
proposed,94,0.833089,100.00
conv,94,0.832633,100.00
3,94,0.866414,100.00
proposed,95,0.821764,100.00
conv,95,0.823233,100.00
3,95,0.847024,100.00
proposed,96,0.793189,100.00
conv,96,0.788209,100.00
3,96,0.820368,100.00
proposed,97,0.797710,100.00
conv,97,0.798060,100.00
3,97,0.830839,100.00
proposed,98,0.774484,100.00
conv,98,0.773254,100.00
3,98,0.801919,100.00
proposed,99,0.811016,100.00
conv,99,0.810820,100.00
3,99,0.836242,100.00
