method,audio_id,pesq,tx_gain_db
proposed,0,1.035908,28.00
conv,0,1.032907,28.00
3,0,1.033686,28.00
proposed,1,1.043316,28.00
conv,1,1.041230,28.00
3,1,1.039912,28.00
proposed,2,1.028504,28.00
conv,2,1.088324,28.00
3,2,1.050507,28.00
proposed,3,1.070090,28.00
conv,3,1.033447,28.00
3,3,1.040849,28.00
proposed,4,1.040685,28.00
conv,4,1.039076,28.00
3,4,1.052797,28.00
proposed,5,1.053519,28.00
conv,5,1.031451,28.00
3,5,1.026633,28.00
proposed,6,1.052945,28.00
conv,6,1.026549,28.00
3,6,1.026727,28.00
proposed,7,1.052767,28.00
conv,7,1.028436,28.00
3,7,1.024701,28.00
proposed,8,1.063753,28.00
conv,8,1.058374,28.00
3,8,1.068313,28.00
proposed,9,1.058725,28.00
conv,9,1.025482,28.00
3,9,1.051276,28.00
proposed,10,1.062847,28.00
conv,10,1.200864,28.00
3,10,1.028536,28.00
proposed,11,1.047163,28.00
conv,11,1.031109,28.00
3,11,1.031383,28.00
proposed,12,1.060666,28.00
conv,12,1.035616,28.00
3,12,1.025874,28.00
proposed,13,1.069220,28.00
conv,13,1.046762,28.00
3,13,1.042058,28.00
proposed,14,1.049832,28.00
conv,14,1.023539,28.00
3,14,1.022793,28.00
proposed,15,1.043168,28.00
conv,15,1.024764,28.00
3,15,1.027727,28.00
proposed,16,1.053455,28.00
conv,16,1.071700,28.00
3,16,1.051856,28.00
proposed,17,1.068056,28.00
conv,17,1.059454,28.00
3,17,1.060664,28.00
proposed,18,1.058009,28.00
conv,18,1.042964,28.00
3,18,1.038228,28.00
proposed,19,1.065050,28.00
conv,19,1.074602,28.00
3,19,1.085830,28.00
proposed,20,1.051582,28.00
conv,20,1.195620,28.00
3,20,1.059976,28.00
proposed,21,1.060527,28.00
conv,21,1.033667,28.00
3,21,1.109782,28.00
proposed,22,1.071799,28.00
conv,22,2.982990,28.00
3,22,1.056317,28.00
proposed,23,1.066082,28.00
conv,23,1.022788,28.00
3,23,1.027571,28.00
proposed,24,1.054539,28.00
conv,24,1.032372,28.00
3,24,1.055933,28.00
proposed,25,1.046131,28.00
conv,25,1.036187,28.00
3,25,1.028719,28.00
proposed,26,1.053114,28.00
conv,26,1.030038,28.00
3,26,1.049893,28.00
proposed,27,1.057572,28.00
conv,27,1.028848,28.00
3,27,1.027941,28.00
proposed,28,1.058071,28.00
conv,28,1.065860,28.00
3,28,1.039877,28.00
proposed,29,1.070937,28.00
conv,29,1.027389,28.00
3,29,1.026091,28.00
proposed,30,1.056413,28.00
conv,30,1.158926,28.00
3,30,1.089589,28.00
proposed,31,1.063249,28.00
conv,31,1.167170,28.00
3,31,1.044703,28.00
proposed,32,1.058963,28.00
conv,32,1.040339,28.00
3,32,1.031880,28.00
proposed,33,1.045443,28.00
conv,33,1.036665,28.00
3,33,1.040438,28.00
proposed,34,1.059183,28.00
conv,34,1.052478,28.00
3,34,1.035971,28.00
proposed,35,1.070837,28.00
conv,35,1.025198,28.00
3,35,1.025371,28.00
proposed,36,1.054219,28.00
conv,36,1.064663,28.00
3,36,1.537389,28.00
proposed,37,1.068746,28.00
conv,37,1.061118,28.00
3,37,1.363786,28.00
proposed,38,1.072162,28.00
conv,38,1.026361,28.00
3,38,1.031674,28.00
proposed,39,1.042428,28.00
conv,39,1.028355,28.00
3,39,1.039382,28.00
proposed,40,1.040350,28.00
conv,40,1.029375,28.00
3,40,1.062804,28.00
proposed,41,1.058226,28.00
conv,41,1.063808,28.00
3,41,1.029114,28.00
proposed,42,1.068720,28.00
conv,42,1.055136,28.00
3,42,1.029544,28.00
proposed,43,1.045616,28.00
conv,43,1.203202,28.00
3,43,1.058652,28.00
proposed,44,1.046932,28.00
conv,44,1.041389,28.00
3,44,1.033554,28.00
proposed,45,1.066641,28.00
conv,45,1.027698,28.00
3,45,1.058273,28.00
proposed,46,1.053536,28.00
conv,46,1.033692,28.00
3,46,1.031782,28.00
proposed,47,1.047694,28.00
conv,47,1.025155,28.00
3,47,1.037802,28.00
proposed,48,1.055362,28.00
conv,48,1.063074,28.00
3,48,1.052935,28.00
proposed,49,1.181044,28.00
conv,49,1.064271,28.00
3,49,1.134975,28.00
proposed,50,1.047928,28.00
conv,50,1.053886,28.00
3,50,1.032041,28.00
proposed,51,1.065718,28.00
conv,51,1.072156,28.00
3,51,1.110443,28.00
proposed,52,1.077175,28.00
conv,52,1.047405,28.00
3,52,1.033341,28.00
proposed,53,1.062540,28.00
conv,53,1.073570,28.00
3,53,1.076398,28.00
proposed,54,1.060650,28.00
conv,54,1.026605,28.00
3,54,1.030670,28.00
proposed,55,1.070186,28.00
conv,55,1.037846,28.00
3,55,1.045025,28.00
proposed,56,1.059857,28.00
conv,56,1.083419,28.00
3,56,1.121171,28.00
proposed,57,1.067687,28.00
conv,57,1.228820,28.00
3,57,1.045963,28.00
proposed,58,1.061793,28.00
conv,58,1.040439,28.00
3,58,1.030187,28.00
proposed,59,1.065824,28.00
conv,59,1.083840,28.00
3,59,1.070500,28.00
proposed,60,1.090998,28.00
conv,60,1.045999,28.00
3,60,1.054406,28.00
proposed,61,1.062652,28.00
conv,61,1.142218,28.00
3,61,1.050326,28.00
proposed,62,1.073695,28.00
conv,62,1.056829,28.00
3,62,1.215568,28.00
proposed,63,1.053507,28.00
conv,63,1.072694,28.00
3,63,1.054730,28.00
proposed,64,1.064706,28.00
conv,64,1.033068,28.00
3,64,1.031981,28.00
proposed,65,1.036082,28.00
conv,65,1.060627,28.00
3,65,1.050988,28.00
proposed,66,1.044545,28.00
conv,66,1.025264,28.00
3,66,1.029819,28.00
proposed,67,1.048805,28.00
conv,67,1.034834,28.00
3,67,1.050527,28.00
proposed,68,1.040235,28.00
conv,68,1.028580,28.00
3,68,1.742704,28.00
proposed,69,1.048285,28.00
conv,69,1.035228,28.00
3,69,1.027409,28.00
proposed,70,1.042848,28.00
conv,70,1.039478,28.00
3,70,1.045477,28.00
proposed,71,1.055546,28.00
conv,71,1.077575,28.00
3,71,1.033092,28.00
proposed,72,1.049034,28.00
conv,72,1.126512,28.00
3,72,1.194867,28.00
proposed,73,1.040259,28.00
conv,73,1.037885,28.00
3,73,1.040568,28.00
proposed,74,1.030390,28.00
conv,74,1.042406,28.00
3,74,1.024798,28.00
proposed,75,1.031348,28.00
conv,75,1.023255,28.00
3,75,1.021964,28.00
proposed,76,1.052265,28.00
conv,76,1.066176,28.00
3,76,1.056116,28.00
proposed,77,1.065743,28.00
conv,77,1.087901,28.00
3,77,1.146603,28.00
proposed,78,1.047006,28.00
conv,78,1.057963,28.00
3,78,1.053652,28.00
proposed,80,1.036762,28.00
conv,80,1.039745,28.00
3,80,1.038757,28.00
proposed,86,1.040300,28.00
conv,86,1.042553,28.00
3,86,1.044945,28.00
proposed,87,1.042468,28.00
conv,87,1.039945,28.00
3,87,1.057162,28.00
proposed,88,1.028051,28.00
conv,88,1.030994,28.00
3,88,1.038694,28.00
proposed,89,1.029490,28.00
conv,89,1.032168,28.00
3,89,1.046043,28.00
proposed,90,1.035955,28.00
conv,90,1.039788,28.00
3,90,1.059572,28.00
proposed,91,1.028474,28.00
conv,91,1.032407,28.00
3,91,1.030444,28.00
proposed,92,1.028881,28.00
conv,92,1.024830,28.00
3,92,1.038672,28.00
proposed,93,1.032688,28.00
conv,93,1.096258,28.00
3,93,1.060209,28.00
proposed,94,1.035253,28.00
conv,94,1.035650,28.00
3,94,1.037958,28.00
proposed,95,1.039974,28.00
conv,95,1.129890,28.00
3,95,1.024534,28.00
proposed,96,1.035086,28.00
conv,96,1.028115,28.00
3,96,1.060307,28.00
proposed,97,1.060367,28.00
conv,97,1.032904,28.00
3,97,1.127129,28.00
proposed,98,1.036455,28.00
conv,98,1.032671,28.00
3,98,1.069409,28.00
proposed,99,1.034204,28.00
conv,99,1.039252,28.00
3,99,1.024800,28.00
proposed,0,1.075925,30.00
conv,0,1.026389,30.00
3,0,1.051303,30.00
proposed,1,1.077601,30.00
conv,1,1.025212,30.00
3,1,1.048948,30.00
proposed,2,1.181300,30.00
conv,2,1.034950,30.00
3,2,1.047638,30.00
proposed,3,1.127750,30.00
conv,3,1.030575,30.00
3,3,1.044965,30.00
proposed,4,1.120045,30.00
conv,4,1.031034,30.00
3,4,1.028912,30.00
proposed,5,1.188602,30.00
conv,5,1.034205,30.00
3,5,1.030376,30.00
proposed,6,1.157472,30.00
conv,6,1.043114,30.00
3,6,1.035163,30.00
proposed,7,1.112555,30.00
conv,7,1.035033,30.00
3,7,1.036740,30.00
proposed,8,1.164723,30.00
conv,8,1.037696,30.00
3,8,1.034366,30.00
proposed,9,1.123007,30.00
conv,9,1.060500,30.00
3,9,1.034047,30.00
proposed,10,1.123237,30.00
conv,10,1.039216,30.00
3,10,1.036024,30.00
proposed,11,1.176603,30.00
conv,11,1.029601,30.00
3,11,1.032895,30.00
proposed,12,1.136917,30.00
conv,12,1.086084,30.00
3,12,1.027102,30.00
proposed,13,1.117943,30.00
conv,13,1.049880,30.00
3,13,1.796476,30.00
proposed,14,1.103714,30.00
conv,14,1.025137,30.00
3,14,1.027192,30.00
proposed,15,1.107222,30.00
conv,15,1.025989,30.00
3,15,1.034587,30.00
proposed,16,1.146303,30.00
conv,16,1.045397,30.00
3,16,1.030368,30.00
proposed,17,1.120804,30.00
conv,17,1.057698,30.00
3,17,1.030776,30.00
proposed,18,1.137102,30.00
conv,18,1.033760,30.00
3,18,1.045307,30.00
proposed,19,1.192299,30.00
conv,19,1.028499,30.00
3,19,1.032273,30.00
proposed,20,1.127833,30.00
conv,20,1.089467,30.00
3,20,1.030318,30.00
proposed,21,1.135391,30.00
conv,21,1.031363,30.00
3,21,1.033066,30.00
proposed,22,1.160850,30.00
conv,22,1.031499,30.00
3,22,1.038992,30.00
proposed,23,1.134061,30.00
conv,23,1.035327,30.00
3,23,1.027785,30.00
proposed,24,1.096927,30.00
conv,24,1.027469,30.00
3,24,1.029292,30.00
proposed,25,1.111923,30.00
conv,25,1.092775,30.00
3,25,1.034945,30.00
proposed,26,1.086794,30.00
conv,26,1.040781,30.00
3,26,1.038123,30.00
proposed,27,1.101099,30.00
conv,27,1.033146,30.00
3,27,1.029898,30.00
proposed,28,1.135859,30.00
conv,28,1.066010,30.00
3,28,1.033435,30.00
proposed,29,1.120414,30.00
conv,29,1.053423,30.00
3,29,1.034174,30.00
proposed,30,1.140457,30.00
conv,30,1.062891,30.00
3,30,1.046902,30.00
proposed,31,1.119650,30.00
conv,31,1.042632,30.00
3,31,1.028468,30.00
proposed,32,1.127108,30.00
conv,32,1.029651,30.00
3,32,1.027266,30.00
proposed,33,1.107244,30.00
conv,33,1.053528,30.00
3,33,1.038297,30.00
proposed,34,1.146015,30.00
conv,34,1.030800,30.00
3,34,1.033684,30.00
proposed,35,1.135756,30.00
conv,35,1.037587,30.00
3,35,1.029586,30.00
proposed,36,1.159164,30.00
conv,36,1.091903,30.00
3,36,1.048762,30.00
proposed,37,1.116811,30.00
conv,37,1.031512,30.00
3,37,1.035712,30.00
proposed,38,1.169981,30.00
conv,38,1.076637,30.00
3,38,1.042335,30.00
proposed,39,1.146640,30.00
conv,39,1.048787,30.00
3,39,1.028014,30.00
proposed,40,1.089659,30.00
conv,40,1.039724,30.00
3,40,1.036165,30.00
proposed,41,1.159671,30.00
conv,41,1.088967,30.00
3,41,1.058122,30.00
proposed,42,1.193220,30.00
conv,42,1.039713,30.00
3,42,1.040371,30.00
proposed,43,1.122799,30.00
conv,43,1.035335,30.00
3,43,1.032821,30.00
proposed,44,1.107154,30.00
conv,44,1.043687,30.00
3,44,1.057021,30.00
proposed,45,1.138387,30.00
conv,45,1.040231,30.00
3,45,1.033046,30.00
proposed,46,1.122101,30.00
conv,46,1.058264,30.00
3,46,1.029460,30.00
proposed,47,1.106296,30.00
conv,47,1.033407,30.00
3,47,1.024505,30.00
proposed,48,1.143864,30.00
conv,48,1.036717,30.00
3,48,1.066754,30.00
proposed,49,1.111825,30.00
conv,49,1.039855,30.00
3,49,1.035135,30.00
proposed,50,1.114524,30.00
conv,50,1.034202,30.00
3,50,1.034986,30.00
proposed,51,1.119716,30.00
conv,51,1.031099,30.00
3,51,1.037273,30.00
proposed,52,1.126310,30.00
conv,52,1.028777,30.00
3,52,1.034877,30.00
proposed,53,1.151723,30.00
conv,53,1.040040,30.00
3,53,1.040949,30.00
proposed,54,1.131053,30.00
conv,54,1.052548,30.00
3,54,1.039593,30.00
proposed,55,1.108160,30.00
conv,55,1.054659,30.00
3,55,1.044648,30.00
proposed,56,1.128312,30.00
conv,56,1.045322,30.00
3,56,1.050749,30.00
proposed,57,1.121219,30.00
conv,57,1.080586,30.00
3,57,1.048416,30.00
proposed,58,1.140418,30.00
conv,58,1.038183,30.00
3,58,1.046396,30.00
proposed,59,1.130582,30.00
conv,59,1.064705,30.00
3,59,1.038135,30.00
proposed,60,1.159570,30.00
conv,60,1.104688,30.00
3,60,1.044160,30.00
proposed,61,1.120095,30.00
conv,61,1.057803,30.00
3,61,1.046144,30.00
proposed,62,1.177515,30.00
conv,62,1.054286,30.00
3,62,1.043450,30.00
proposed,63,1.111075,30.00
conv,63,1.028375,30.00
3,63,1.042073,30.00
proposed,64,1.136365,30.00
conv,64,1.048564,30.00
3,64,1.033756,30.00
proposed,65,1.051017,30.00
conv,65,1.046208,30.00
3,65,1.031552,30.00
proposed,66,1.051279,30.00
conv,66,1.070632,30.00
3,66,1.028337,30.00
proposed,67,1.082154,30.00
conv,67,1.035167,30.00
3,67,1.032949,30.00
proposed,68,1.062659,30.00
conv,68,1.087031,30.00
3,68,1.042268,30.00
proposed,69,1.065975,30.00
conv,69,1.044104,30.00
3,69,1.032461,30.00
proposed,70,1.055007,30.00
conv,70,1.053503,30.00
3,70,1.031814,30.00
proposed,71,1.078855,30.00
conv,71,1.034052,30.00
3,71,1.038360,30.00
proposed,72,1.093315,30.00
conv,72,1.075318,30.00
3,72,1.033179,30.00
proposed,73,1.042841,30.00
conv,73,1.060446,30.00
3,73,1.030460,30.00
proposed,74,1.049989,30.00
conv,74,1.039593,30.00
3,74,1.022794,30.00
proposed,75,1.053588,30.00
conv,75,1.021151,30.00
3,75,1.033254,30.00
proposed,76,1.065406,30.00
conv,76,1.026872,30.00
3,76,1.031277,30.00
proposed,77,1.077111,30.00
conv,77,1.072260,30.00
3,77,1.032170,30.00
proposed,78,1.065516,30.00
conv,78,1.028150,30.00
3,78,1.033771,30.00
proposed,79,1.072586,30.00
conv,79,1.095122,30.00
3,79,1.034102,30.00
proposed,80,1.047603,30.00
conv,80,1.041447,30.00
3,80,1.028515,30.00
proposed,81,1.063054,30.00
conv,81,1.026512,30.00
3,81,1.027553,30.00
proposed,82,1.071678,30.00
conv,82,1.031895,30.00
3,82,1.030343,30.00
proposed,83,1.055332,30.00
conv,83,1.022385,30.00
3,83,1.034746,30.00
proposed,84,1.080892,30.00
conv,84,1.052166,30.00
3,84,1.041719,30.00
proposed,85,1.051179,30.00
conv,85,1.022907,30.00
3,85,1.029201,30.00
proposed,86,1.066342,30.00
conv,86,1.025830,30.00
3,86,1.028405,30.00
proposed,87,1.060830,30.00
conv,87,1.051546,30.00
3,87,1.029568,30.00
proposed,88,1.040051,30.00
conv,88,1.033107,30.00
3,88,1.038074,30.00
proposed,89,1.053041,30.00
conv,89,1.040679,30.00
3,89,1.029760,30.00
proposed,90,1.069230,30.00
conv,90,1.036308,30.00
3,90,1.030865,30.00
proposed,91,1.057334,30.00
conv,91,1.036092,30.00
3,91,1.026486,30.00
proposed,92,1.083156,30.00
conv,92,1.033584,30.00
3,92,1.031052,30.00
proposed,93,1.118926,30.00
conv,93,1.034864,30.00
3,93,1.028875,30.00
proposed,94,1.073137,30.00
conv,94,1.046521,30.00
3,94,1.031114,30.00
proposed,95,1.085974,30.00
conv,95,1.032292,30.00
3,95,1.033692,30.00
proposed,96,1.080470,30.00
conv,96,1.033461,30.00
3,96,1.029614,30.00
proposed,97,1.077717,30.00
conv,97,1.034080,30.00
3,97,1.032025,30.00
proposed,98,1.078542,30.00
conv,98,1.058921,30.00
3,98,1.035715,30.00
proposed,99,1.062566,30.00
conv,99,1.046379,30.00
3,99,1.027822,30.00
proposed,0,1.230338,32.00
conv,0,1.039445,32.00
3,0,1.037984,32.00
proposed,1,1.360467,32.00
conv,1,1.065063,32.00
3,1,1.043969,32.00
proposed,2,1.462827,32.00
conv,2,1.071043,32.00
3,2,1.038253,32.00
proposed,3,1.344802,32.00
conv,3,1.053885,32.00
3,3,1.044649,32.00
proposed,4,1.337618,32.00
conv,4,1.080207,32.00
3,4,1.046323,32.00
proposed,5,1.455323,32.00
conv,5,1.063398,32.00
3,5,1.045609,32.00
proposed,6,1.387527,32.00
conv,6,1.066337,32.00
3,6,1.047196,32.00
proposed,7,1.379238,32.00
conv,7,1.065627,32.00
3,7,1.037386,32.00
proposed,8,1.409870,32.00
conv,8,1.057343,32.00
3,8,1.043336,32.00
proposed,9,1.404112,32.00
conv,9,1.064618,32.00
3,9,1.044346,32.00
proposed,10,1.380582,32.00
conv,10,1.066220,32.00
3,10,1.038319,32.00
proposed,11,1.400939,32.00
conv,11,1.068067,32.00
3,11,1.045968,32.00
proposed,12,1.301697,32.00
conv,12,1.055240,32.00
3,12,1.036884,32.00
proposed,13,1.360179,32.00
conv,13,1.054123,32.00
3,13,1.043974,32.00
proposed,14,1.353660,32.00
conv,14,1.057423,32.00
3,14,1.036868,32.00
proposed,15,1.366603,32.00
conv,15,1.062909,32.00
3,15,1.044090,32.00
proposed,16,1.382898,32.00
conv,16,1.061816,32.00
3,16,1.045773,32.00
proposed,17,1.264906,32.00
conv,17,1.063340,32.00
3,17,1.043470,32.00
proposed,18,1.411095,32.00
conv,18,1.061880,32.00
3,18,1.040819,32.00
proposed,19,1.351494,32.00
conv,19,1.068522,32.00
3,19,1.042974,32.00
proposed,20,1.288700,32.00
conv,20,1.050682,32.00
3,20,1.037983,32.00
proposed,21,1.388886,32.00
conv,21,1.060286,32.00
3,21,1.037368,32.00
proposed,22,1.423291,32.00
conv,22,1.059230,32.00
3,22,1.044032,32.00
proposed,23,1.329180,32.00
conv,23,1.051281,32.00
3,23,1.036176,32.00
proposed,24,1.378959,32.00
conv,24,1.050288,32.00
3,24,1.039375,32.00
proposed,25,1.351938,32.00
conv,25,1.062738,32.00
3,25,1.039030,32.00
proposed,26,1.298126,32.00
conv,26,1.056450,32.00
3,26,1.041565,32.00
proposed,27,1.389940,32.00
conv,27,1.060915,32.00
3,27,1.040488,32.00
proposed,28,1.427683,32.00
conv,28,1.080739,32.00
3,28,1.038822,32.00
proposed,29,1.386283,32.00
conv,29,1.061646,32.00
3,29,1.044043,32.00
proposed,30,1.488471,32.00
conv,30,1.079785,32.00
3,30,1.045954,32.00
proposed,31,1.394650,32.00
conv,31,1.073179,32.00
3,31,1.044044,32.00
proposed,32,1.391099,32.00
conv,32,1.058002,32.00
3,32,1.044786,32.00
proposed,33,1.418079,32.00
conv,33,1.062435,32.00
3,33,1.047508,32.00
proposed,34,1.430965,32.00
conv,34,1.055531,32.00
3,34,1.043886,32.00
proposed,35,1.342836,32.00
conv,35,1.057903,32.00
3,35,1.037892,32.00
proposed,36,1.410656,32.00
conv,36,1.070624,32.00
3,36,1.044369,32.00
proposed,37,1.348751,32.00
conv,37,1.075161,32.00
3,37,1.040924,32.00
proposed,38,1.406598,32.00
conv,38,1.068098,32.00
3,38,1.044225,32.00
proposed,39,1.366960,32.00
conv,39,1.068171,32.00
3,39,1.040120,32.00
proposed,40,1.292452,32.00
conv,40,1.067001,32.00
3,40,1.042009,32.00
proposed,41,1.421107,32.00
conv,41,1.066673,32.00
3,41,1.043814,32.00
proposed,42,1.456632,32.00
conv,42,1.073439,32.00
3,42,1.049953,32.00
proposed,43,1.410782,32.00
conv,43,1.059287,32.00
3,43,1.039471,32.00
proposed,44,1.291425,32.00
conv,44,1.045688,32.00
3,44,1.034665,32.00
proposed,45,1.253262,32.00
conv,45,1.049355,32.00
3,45,1.037060,32.00
proposed,46,1.426726,32.00
conv,46,1.056604,32.00
3,46,1.035489,32.00
proposed,47,1.309009,32.00
conv,47,1.059687,32.00
3,47,1.038435,32.00
proposed,48,1.348307,32.00
conv,48,1.056356,32.00
3,48,1.038676,32.00
proposed,49,1.302440,32.00
conv,49,1.059554,32.00
3,49,1.042004,32.00
proposed,50,1.279175,32.00
conv,50,1.051397,32.00
3,50,1.037126,32.00
proposed,51,1.399200,32.00
conv,51,1.069533,32.00
3,51,1.059328,32.00
proposed,52,1.346003,32.00
conv,52,1.054844,32.00
3,52,1.039641,32.00
proposed,53,1.300447,32.00
conv,53,1.064905,32.00
3,53,1.040982,32.00
proposed,54,1.246331,32.00
conv,54,1.057527,32.00
3,54,1.041880,32.00
proposed,55,1.308969,32.00
conv,55,1.060163,32.00
3,55,1.058366,32.00
proposed,56,1.347128,32.00
conv,56,1.062580,32.00
3,56,1.047151,32.00
proposed,57,1.270917,32.00
conv,57,1.062982,32.00
3,57,1.046172,32.00
proposed,58,1.405087,32.00
conv,58,1.055866,32.00
3,58,1.043792,32.00
proposed,59,1.334210,32.00
conv,59,1.071945,32.00
3,59,1.045550,32.00
proposed,60,1.435086,32.00
conv,60,1.079748,32.00
3,60,1.054739,32.00
proposed,61,1.381796,32.00
conv,61,1.067879,32.00
3,61,1.042891,32.00
proposed,62,1.372751,32.00
conv,62,1.066779,32.00
3,62,1.060070,32.00
proposed,63,1.269991,32.00
conv,63,1.062131,32.00
3,63,1.042902,32.00
proposed,64,1.334168,32.00
conv,64,1.061826,32.00
3,64,1.042400,32.00
proposed,65,1.098811,32.00
conv,65,1.045281,32.00
3,65,1.031706,32.00
proposed,66,1.095557,32.00
conv,66,1.034747,32.00
3,66,1.028770,32.00
proposed,67,1.132485,32.00
conv,67,1.033029,32.00
3,67,1.029051,32.00
proposed,68,1.104396,32.00
conv,68,1.039857,32.00
3,68,1.037023,32.00
proposed,69,1.088579,32.00
conv,69,1.047554,32.00
3,69,1.034360,32.00
proposed,70,1.082282,32.00
conv,70,1.043027,32.00
3,70,1.033098,32.00
proposed,71,1.122793,32.00
conv,71,1.040673,32.00
3,71,1.043769,32.00
proposed,72,1.136775,32.00
conv,72,1.040523,32.00
3,72,1.040347,32.00
proposed,73,1.088048,32.00
conv,73,1.042110,32.00
3,73,1.028208,32.00
proposed,74,1.095174,32.00
conv,74,1.039184,32.00
3,74,1.029956,32.00
proposed,75,1.095963,32.00
conv,75,1.032415,32.00
3,75,1.029593,32.00
proposed,76,1.115939,32.00
conv,76,1.043289,32.00
3,76,1.034030,32.00
proposed,77,1.089838,32.00
conv,77,1.036438,32.00
3,77,1.034450,32.00
proposed,78,1.121285,32.00
conv,78,1.043243,32.00
3,78,1.034453,32.00
proposed,79,1.132423,32.00
conv,79,1.044649,32.00
3,79,1.039690,32.00
proposed,80,1.108588,32.00
conv,80,1.039439,32.00
3,80,1.033693,32.00
proposed,81,1.154655,32.00
conv,81,1.051149,32.00
3,81,1.033731,32.00
proposed,82,1.180288,32.00
conv,82,1.048851,32.00
3,82,1.031766,32.00
proposed,83,1.128381,32.00
conv,83,1.038568,32.00
3,83,1.027533,32.00
proposed,84,1.167318,32.00
conv,84,1.040033,32.00
3,84,1.027736,32.00
proposed,85,1.137390,32.00
conv,85,1.038481,32.00
3,85,1.032632,32.00
proposed,86,1.142601,32.00
conv,86,1.042750,32.00
3,86,1.031934,32.00
proposed,87,1.155916,32.00
conv,87,1.060850,32.00
3,87,1.032833,32.00
proposed,88,1.067004,32.00
conv,88,1.030019,32.00
3,88,1.024470,32.00
proposed,89,1.099952,32.00
conv,89,1.038568,32.00
3,89,1.028824,32.00
proposed,90,1.126188,32.00
conv,90,1.042752,32.00
3,90,1.033813,32.00
proposed,91,1.128339,32.00
conv,91,1.046025,32.00
3,91,1.033149,32.00
proposed,92,1.100338,32.00
conv,92,1.033291,32.00
3,92,1.031448,32.00
proposed,93,1.116879,32.00
conv,93,1.028994,32.00
3,93,1.031283,32.00
proposed,94,1.091637,32.00
conv,94,1.029818,32.00
3,94,1.028557,32.00
proposed,95,1.105047,32.00
conv,95,1.032271,32.00
3,95,1.030325,32.00
proposed,96,1.084466,32.00
conv,96,1.036957,32.00
3,96,1.034535,32.00
proposed,97,1.086320,32.00
conv,97,1.025301,32.00
3,97,1.036774,32.00
proposed,98,1.074024,32.00
conv,98,1.027636,32.00
3,98,1.055470,32.00
proposed,99,1.078804,32.00
conv,99,1.034250,32.00
3,99,1.025971,32.00
proposed,0,1.598434,34.00
conv,0,1.161975,34.00
3,0,1.069786,34.00
proposed,1,1.821146,34.00
conv,1,2.074228,34.00
3,1,1.085909,34.00
proposed,2,1.998729,34.00
conv,2,2.071258,34.00
3,2,1.102023,34.00
proposed,3,1.797606,34.00
conv,3,1.949349,34.00
3,3,1.094941,34.00
proposed,4,1.810642,34.00
conv,4,1.575047,34.00
3,4,1.096922,34.00
proposed,5,1.937704,34.00
conv,5,1.542898,34.00
3,5,1.117787,34.00
proposed,6,1.893081,34.00
conv,6,1.877913,34.00
3,6,1.108248,34.00
proposed,7,1.971278,34.00
conv,7,2.162550,34.00
3,7,1.094464,34.00
proposed,8,1.785892,34.00
conv,8,2.016353,34.00
3,8,1.141967,34.00
proposed,9,1.806308,34.00
conv,9,1.843864,34.00
3,9,1.123785,34.00
proposed,10,1.840112,34.00
conv,10,2.216475,34.00
3,10,1.143620,34.00
proposed,11,1.961552,34.00
conv,11,1.957325,34.00
3,11,1.088801,34.00
proposed,12,1.773535,34.00
conv,12,1.959855,34.00
3,12,1.102503,34.00
proposed,13,1.959846,34.00
conv,13,1.960800,34.00
3,13,1.138385,34.00
proposed,14,1.779795,34.00
conv,14,1.994372,34.00
3,14,1.114554,34.00
proposed,15,1.924322,34.00
conv,15,1.958345,34.00
3,15,1.101092,34.00
proposed,16,1.716191,34.00
conv,16,1.524994,34.00
3,16,1.108168,34.00
proposed,17,1.747057,34.00
conv,17,1.699911,34.00
3,17,1.083379,34.00
proposed,18,1.759512,34.00
conv,18,2.028375,34.00
3,18,1.109976,34.00
proposed,19,1.839033,34.00
conv,19,2.164855,34.00
3,19,1.188121,34.00
proposed,20,1.804907,34.00
conv,20,1.903492,34.00
3,20,1.088329,34.00
proposed,21,1.805290,34.00
conv,21,1.535301,34.00
3,21,1.073924,34.00
proposed,22,1.906046,34.00
conv,22,1.806975,34.00
3,22,1.129568,34.00
proposed,23,1.838151,34.00
conv,23,1.836688,34.00
3,23,1.087465,34.00
proposed,24,1.850485,34.00
conv,24,1.872656,34.00
3,24,1.092668,34.00
proposed,25,1.710770,34.00
conv,25,1.990959,34.00
3,25,1.116709,34.00
proposed,26,1.820533,34.00
conv,26,1.512792,34.00
3,26,1.122313,34.00
proposed,27,1.882074,34.00
conv,27,2.160980,34.00
3,27,1.108474,34.00
proposed,28,1.740574,34.00
conv,28,1.854253,34.00
3,28,1.085828,34.00
proposed,29,1.789610,34.00
conv,29,1.484736,34.00
3,29,1.090967,34.00
proposed,30,2.029055,34.00
conv,30,2.252674,34.00
3,30,1.120985,34.00
proposed,31,1.823769,34.00
conv,31,1.595377,34.00
3,31,1.131983,34.00
proposed,32,1.811730,34.00
conv,32,2.132805,34.00
3,32,1.110123,34.00
proposed,33,1.798367,34.00
conv,33,2.036991,34.00
3,33,1.150771,34.00
proposed,34,1.954594,34.00
conv,34,2.139665,34.00
3,34,1.100822,34.00
proposed,35,1.839228,34.00
conv,35,1.929030,34.00
3,35,1.114581,34.00
proposed,36,1.803811,34.00
conv,36,1.724138,34.00
3,36,1.110740,34.00
proposed,37,1.853867,34.00
conv,37,1.907471,34.00
3,37,1.131972,34.00
proposed,38,1.805430,34.00
conv,38,1.636987,34.00
3,38,1.099159,34.00
proposed,39,1.862506,34.00
conv,39,2.000168,34.00
3,39,1.132973,34.00
proposed,40,1.689934,34.00
conv,40,2.044961,34.00
3,40,1.115023,34.00
proposed,41,2.003823,34.00
conv,41,1.898141,34.00
3,41,1.124534,34.00
proposed,42,1.839834,34.00
conv,42,1.999576,34.00
3,42,1.131271,34.00
proposed,43,1.680418,34.00
conv,43,1.846195,34.00
3,43,1.072652,34.00
proposed,44,1.559965,34.00
conv,44,1.337414,34.00
3,44,1.077174,34.00
proposed,45,1.442834,34.00
conv,45,1.076467,34.00
3,45,1.040045,34.00
proposed,46,1.491876,34.00
conv,46,1.131635,34.00
3,46,1.041074,34.00
proposed,47,1.337235,34.00
conv,47,1.057928,34.00
3,47,1.039934,34.00
proposed,48,1.372667,34.00
conv,48,1.087723,34.00
3,48,1.040228,34.00
proposed,49,1.308643,34.00
conv,49,1.056665,34.00
3,49,1.043367,34.00
proposed,50,1.382996,34.00
conv,50,1.066341,34.00
3,50,1.042273,34.00
proposed,51,1.389320,34.00
conv,51,1.088546,34.00
3,51,1.046627,34.00
proposed,52,1.454828,34.00
conv,52,1.067976,34.00
3,52,1.044699,34.00
proposed,53,1.413234,34.00
conv,53,1.063130,34.00
3,53,1.046835,34.00
proposed,54,1.280295,34.00
conv,54,1.058371,34.00
3,54,1.041735,34.00
proposed,55,1.288003,34.00
conv,55,1.082258,34.00
3,55,1.043319,34.00
proposed,56,1.370708,34.00
conv,56,1.068772,34.00
3,56,1.051812,34.00
proposed,57,1.260667,34.00
conv,57,1.048853,34.00
3,57,1.043682,34.00
proposed,58,1.470268,34.00
conv,58,1.091721,34.00
3,58,1.047193,34.00
proposed,59,1.411807,34.00
conv,59,1.103958,34.00
3,59,1.053086,34.00
proposed,60,1.380799,34.00
conv,60,1.077037,34.00
3,60,1.051091,34.00
proposed,61,1.390720,34.00
conv,61,1.072718,34.00
3,61,1.048602,34.00
proposed,62,1.366231,34.00
conv,62,1.091339,34.00
3,62,1.055371,34.00
proposed,63,1.299564,34.00
conv,63,1.077183,34.00
3,63,1.043636,34.00
proposed,64,1.716020,34.00
conv,64,1.872552,34.00
3,64,1.092935,34.00
proposed,65,1.199299,34.00
conv,65,1.300769,34.00
3,65,1.081259,34.00
proposed,66,1.235484,34.00
conv,66,1.514540,34.00
3,66,1.069933,34.00
proposed,67,1.394214,34.00
conv,67,1.542908,34.00
3,67,1.094317,34.00
proposed,68,1.221895,34.00
conv,68,1.300584,34.00
3,68,1.092445,34.00
proposed,69,1.257213,34.00
conv,69,1.466915,34.00
3,69,1.071129,34.00
proposed,70,1.249489,34.00
conv,70,1.287876,34.00
3,70,1.066801,34.00
proposed,71,1.267282,34.00
conv,71,1.405488,34.00
3,71,1.083664,34.00
proposed,72,1.271104,34.00
conv,72,1.417226,34.00
3,72,1.066182,34.00
proposed,73,1.239877,34.00
conv,73,1.308558,34.00
3,73,1.067993,34.00
proposed,74,1.207552,34.00
conv,74,1.319919,34.00
3,74,1.090375,34.00
proposed,75,1.225353,34.00
conv,75,1.438507,34.00
3,75,1.071062,34.00
proposed,76,1.230478,34.00
conv,76,1.432483,34.00
3,76,1.071981,34.00
proposed,77,1.325494,34.00
conv,77,1.468450,34.00
3,77,1.080048,34.00
proposed,78,1.243231,34.00
conv,78,1.298896,34.00
3,78,1.083154,34.00
proposed,79,1.362614,34.00
conv,79,1.596611,34.00
3,79,1.095291,34.00
proposed,80,1.197040,34.00
conv,80,1.229670,34.00
3,80,1.056610,34.00
proposed,81,1.251776,34.00
conv,81,1.126171,34.00
3,81,1.050420,34.00
proposed,82,1.423603,34.00
conv,82,1.336322,34.00
3,82,1.062510,34.00
proposed,83,1.245487,34.00
conv,83,1.212660,34.00
3,83,1.046144,34.00
proposed,84,1.257567,34.00
conv,84,1.133038,34.00
3,84,1.040127,34.00
proposed,85,1.298793,34.00
conv,85,1.356623,34.00
3,85,1.054078,34.00
proposed,86,1.337614,34.00
conv,86,1.251386,34.00
3,86,1.046463,34.00
proposed,87,1.192165,34.00
conv,87,1.149533,34.00
3,87,1.039321,34.00
proposed,88,1.131468,34.00
conv,88,1.110081,34.00
3,88,1.031458,34.00
proposed,89,1.138546,34.00
conv,89,1.083460,34.00
3,89,1.031897,34.00
proposed,90,1.191193,34.00
conv,90,1.113069,34.00
3,90,1.041501,34.00
proposed,91,1.361241,34.00
conv,91,1.385202,34.00
3,91,1.065980,34.00
proposed,92,1.369088,34.00
conv,92,1.380259,34.00
3,92,1.075950,34.00
proposed,93,1.445838,34.00
conv,93,1.352255,34.00
3,93,1.071971,34.00
proposed,94,1.306048,34.00
conv,94,1.329692,34.00
3,94,1.075107,34.00
proposed,95,1.365829,34.00
conv,95,1.172559,34.00
3,95,1.058858,34.00
proposed,96,1.429691,34.00
conv,96,1.125575,34.00
3,96,1.045408,34.00
proposed,97,1.269118,34.00
conv,97,1.140569,34.00
3,97,1.046313,34.00
proposed,98,1.313846,34.00
conv,98,1.125652,34.00
3,98,1.041143,34.00
proposed,99,1.179951,34.00
conv,99,1.058619,34.00
3,99,1.033882,34.00
proposed,0,2.049152,38.00
conv,0,2.054742,38.00
3,0,2.298478,38.00
proposed,1,2.307440,38.00
conv,1,2.267599,38.00
3,1,2.609299,38.00
proposed,2,2.294568,38.00
conv,2,2.293447,38.00
3,2,2.629500,38.00
proposed,3,2.143104,38.00
conv,3,2.145375,38.00
3,3,2.451898,38.00
proposed,4,2.085524,38.00
conv,4,1.981615,38.00
3,4,2.465908,38.00
proposed,5,2.316781,38.00
conv,5,2.279682,38.00
3,5,2.607573,38.00
proposed,6,2.168474,38.00
conv,6,2.155953,38.00
3,6,2.494531,38.00
proposed,7,2.343128,38.00
conv,7,2.341839,38.00
3,7,2.561522,38.00
proposed,8,2.339293,38.00
conv,8,2.346053,38.00
3,8,2.647747,38.00
proposed,9,2.068612,38.00
conv,9,2.102330,38.00
3,9,2.444558,38.00
proposed,10,2.210449,38.00
conv,10,2.190236,38.00
3,10,2.385140,38.00
proposed,11,2.261407,38.00
conv,11,2.235410,38.00
3,11,2.581919,38.00
proposed,12,2.155224,38.00
conv,12,2.175018,38.00
3,12,2.524857,38.00
proposed,13,2.111654,38.00
conv,13,2.050131,38.00
3,13,2.461345,38.00
proposed,14,2.114206,38.00
conv,14,2.096818,38.00
3,14,2.421993,38.00
proposed,15,2.255228,38.00
conv,15,2.240644,38.00
3,15,2.474925,38.00
proposed,16,2.267404,38.00
conv,16,2.246101,38.00
3,16,2.628092,38.00
proposed,17,2.064632,38.00
conv,17,2.004853,38.00
3,17,2.410847,38.00
proposed,18,2.075543,38.00
conv,18,2.047677,38.00
3,18,2.459876,38.00
proposed,19,2.210144,38.00
conv,19,2.174908,38.00
3,19,2.595124,38.00
proposed,20,2.055191,38.00
conv,20,2.043340,38.00
3,20,2.378240,38.00
proposed,21,2.099262,38.00
conv,21,2.080345,38.00
3,21,2.432029,38.00
proposed,22,2.145912,38.00
conv,22,2.128022,38.00
3,22,2.502616,38.00
proposed,23,2.159488,38.00
conv,23,2.086248,38.00
3,23,2.528150,38.00
proposed,24,2.103298,38.00
conv,24,2.102676,38.00
3,24,2.503339,38.00
proposed,25,2.060727,38.00
conv,25,2.035988,38.00
3,25,2.340910,38.00
proposed,26,2.065242,38.00
conv,26,2.005245,38.00
3,26,2.332577,38.00
proposed,27,2.244677,38.00
conv,27,2.216553,38.00
3,27,2.473583,38.00
proposed,28,2.113115,38.00
conv,28,2.090345,38.00
3,28,2.557468,38.00
proposed,29,2.042008,38.00
conv,29,2.042910,38.00
3,29,2.384251,38.00
proposed,30,2.342951,38.00
conv,30,2.342436,38.00
3,30,2.685130,38.00
proposed,31,2.148275,38.00
conv,31,2.093322,38.00
3,31,2.500837,38.00
proposed,32,2.148078,38.00
conv,32,2.156265,38.00
3,32,2.520333,38.00
proposed,33,2.134855,38.00
conv,33,2.138097,38.00
3,33,2.537973,38.00
proposed,34,2.261877,38.00
conv,34,2.263689,38.00
3,34,2.600724,38.00
proposed,35,2.223146,38.00
conv,35,2.190204,38.00
3,35,2.523008,38.00
proposed,36,2.234599,38.00
conv,36,2.218799,38.00
3,36,2.572701,38.00
proposed,37,2.097653,38.00
conv,37,2.036028,38.00
3,37,2.412321,38.00
proposed,38,2.206305,38.00
conv,38,2.169341,38.00
3,38,2.509709,38.00
proposed,39,2.161731,38.00
conv,39,2.206656,38.00
3,39,2.501864,38.00
proposed,40,2.119477,38.00
conv,40,2.120911,38.00
3,40,2.422023,38.00
proposed,41,2.243235,38.00
conv,41,2.246188,38.00
3,41,2.592065,38.00
proposed,42,2.251972,38.00
conv,42,2.242934,38.00
3,42,2.568012,38.00
proposed,43,2.028071,38.00
conv,43,2.041375,38.00
3,43,2.383734,38.00
proposed,44,2.024938,38.00
conv,44,2.026305,38.00
3,44,2.387595,38.00
proposed,45,2.105024,38.00
conv,45,2.115186,38.00
3,45,2.380723,38.00
proposed,46,2.122755,38.00
conv,46,2.125792,38.00
3,46,2.502866,38.00
proposed,47,2.126349,38.00
conv,47,1.992994,38.00
3,47,2.457823,38.00
proposed,48,1.995826,38.00
conv,48,2.040313,38.00
3,48,2.224182,38.00
proposed,49,1.978709,38.00
conv,49,1.981660,38.00
3,49,2.195498,38.00
proposed,50,1.972358,38.00
conv,50,1.971109,38.00
3,50,2.230352,38.00
proposed,51,1.961874,38.00
conv,51,1.942760,38.00
3,51,2.321570,38.00
proposed,52,2.064547,38.00
conv,52,2.036777,38.00
3,52,2.354359,38.00
proposed,53,1.924297,38.00
conv,53,1.910591,38.00
3,53,2.162028,38.00
proposed,54,2.069109,38.00
conv,54,2.044444,38.00
3,54,2.335764,38.00
proposed,55,2.001253,38.00
conv,55,2.001379,38.00
3,55,2.303782,38.00
proposed,56,2.129768,38.00
conv,56,2.127442,38.00
3,56,2.392631,38.00
proposed,57,1.959988,38.00
conv,57,1.954369,38.00
3,57,2.128529,38.00
proposed,58,2.177291,38.00
conv,58,2.186437,38.00
3,58,2.483711,38.00
proposed,59,2.081279,38.00
conv,59,2.079251,38.00
3,59,2.384302,38.00
proposed,60,2.098458,38.00
conv,60,2.086824,38.00
3,60,2.369000,38.00
proposed,61,2.082249,38.00
conv,61,2.063876,38.00
3,61,2.361973,38.00
proposed,62,2.172775,38.00
conv,62,2.166866,38.00
3,62,2.495649,38.00
proposed,63,1.986637,38.00
conv,63,1.981242,38.00
3,63,2.341659,38.00
proposed,64,2.067039,38.00
conv,64,2.064611,38.00
3,64,2.286460,38.00
proposed,65,1.376044,38.00
conv,65,1.332784,38.00
3,65,1.497818,38.00
proposed,66,1.517545,38.00
conv,66,1.510425,38.00
3,66,1.665913,38.00
proposed,67,1.667740,38.00
conv,67,1.609698,38.00
3,67,1.975510,38.00
proposed,68,1.488113,38.00
conv,68,1.485140,38.00
3,68,1.705337,38.00
proposed,69,1.482141,38.00
conv,69,1.495098,38.00
3,69,1.622076,38.00
proposed,70,1.480992,38.00
conv,70,1.472971,38.00
3,70,1.684142,38.00
proposed,71,1.576594,38.00
conv,71,1.537993,38.00
3,71,1.694502,38.00
proposed,72,1.509848,38.00
conv,72,1.434382,38.00
3,72,1.758281,38.00
proposed,73,1.363510,38.00
conv,73,1.359340,38.00
3,73,1.517725,38.00
proposed,74,1.420129,38.00
conv,74,1.358947,38.00
3,74,1.596830,38.00
proposed,75,1.479437,38.00
conv,75,1.436106,38.00
3,75,1.613863,38.00
proposed,76,1.419664,38.00
conv,76,1.410785,38.00
3,76,1.728839,38.00
proposed,77,1.560295,38.00
conv,77,1.551584,38.00
3,77,1.814966,38.00
proposed,78,1.473652,38.00
conv,78,1.465443,38.00
3,78,1.749063,38.00
proposed,79,1.587883,38.00
conv,79,1.600005,38.00
3,79,1.772076,38.00
proposed,80,1.430987,38.00
conv,80,1.439366,38.00
3,80,1.736189,38.00
proposed,81,1.747324,38.00
conv,81,1.756953,38.00
3,81,1.995858,38.00
proposed,82,1.927198,38.00
conv,82,1.915866,38.00
3,82,2.162766,38.00
proposed,83,1.729148,38.00
conv,83,1.707762,38.00
3,83,1.984283,38.00
proposed,84,1.828773,38.00
conv,84,1.826818,38.00
3,84,2.093157,38.00
proposed,85,1.793169,38.00
conv,85,1.736820,38.00
3,85,1.942219,38.00
proposed,86,1.728788,38.00
conv,86,1.720032,38.00
3,86,1.921382,38.00
proposed,87,1.786345,38.00
conv,87,1.779115,38.00
3,87,2.158241,38.00
proposed,88,1.615643,38.00
conv,88,1.615978,38.00
3,88,1.846601,38.00
proposed,89,1.636168,38.00
conv,89,1.623364,38.00
3,89,1.857867,38.00
proposed,90,1.495615,38.00
conv,90,1.512064,38.00
3,90,1.648745,38.00
proposed,91,2.042845,38.00
conv,91,2.038973,38.00
3,91,2.281767,38.00
proposed,92,2.019786,38.00
conv,92,2.005492,38.00
3,92,2.257271,38.00
proposed,93,2.156461,38.00
conv,93,2.154954,38.00
3,93,2.467039,38.00
proposed,94,1.888286,38.00
conv,94,1.835101,38.00
3,94,2.134180,38.00
proposed,95,1.888591,38.00
conv,95,1.868874,38.00
3,95,2.025994,38.00
proposed,96,2.011730,38.00
conv,96,2.011582,38.00
3,96,2.247933,38.00
proposed,97,1.912894,38.00
conv,97,1.967667,38.00
3,97,2.173986,38.00
proposed,98,2.038843,38.00
conv,98,2.054938,38.00
3,98,2.398481,38.00
proposed,99,1.777855,38.00
conv,99,1.802100,38.00
3,99,1.980273,38.00
proposed,0,2.052282,36.00
conv,0,2.044097,36.00
3,0,2.283347,36.00
proposed,1,2.307346,36.00
conv,1,2.291215,36.00
3,1,2.585391,36.00
proposed,2,2.298022,36.00
conv,2,2.278567,36.00
3,2,2.619328,36.00
proposed,3,2.123758,36.00
conv,3,2.144032,36.00
3,3,2.450397,36.00
proposed,4,2.086219,36.00
conv,4,2.065996,36.00
3,4,2.448624,36.00
proposed,5,2.311413,36.00
conv,5,2.297827,36.00
3,5,2.604690,36.00
proposed,6,2.167814,36.00
conv,6,2.141793,36.00
3,6,2.489147,36.00
proposed,7,2.343205,36.00
conv,7,2.269123,36.00
3,7,2.534823,36.00
proposed,8,2.348040,36.00
conv,8,2.306209,36.00
3,8,2.648284,36.00
proposed,9,2.103989,36.00
conv,9,2.101624,36.00
3,9,2.453203,36.00
proposed,10,2.151820,36.00
conv,10,2.207539,36.00
3,10,2.530290,36.00
proposed,11,2.260213,36.00
conv,11,2.241259,36.00
3,11,2.574149,36.00
proposed,12,2.153691,36.00
conv,12,2.158973,36.00
3,12,2.524572,36.00
proposed,13,2.112033,36.00
conv,13,2.093018,36.00
3,13,2.473660,36.00
proposed,14,2.113680,36.00
conv,14,2.120703,36.00
3,14,2.425535,36.00
proposed,15,2.254835,36.00
conv,15,2.254413,36.00
3,15,2.474378,36.00
proposed,16,2.248641,36.00
conv,16,2.266747,36.00
3,16,2.618268,36.00
proposed,17,2.067657,36.00
conv,17,1.992833,36.00
3,17,2.424093,36.00
proposed,18,2.059548,36.00
conv,18,2.108046,36.00
3,18,2.253013,36.00
proposed,19,2.205308,36.00
conv,19,2.207256,36.00
3,19,2.543447,36.00
proposed,20,2.060136,36.00
conv,20,2.045005,36.00
3,20,2.358146,36.00
proposed,21,2.102533,36.00
conv,21,2.091649,36.00
3,21,2.445746,36.00
proposed,22,2.146018,36.00
conv,22,2.132115,36.00
3,22,2.503285,36.00
proposed,23,2.159926,36.00
conv,23,2.077692,36.00
3,23,2.526300,36.00
proposed,24,2.111682,36.00
conv,24,2.097836,36.00
3,24,2.503654,36.00
proposed,25,2.071411,36.00
conv,25,2.060517,36.00
3,25,2.332584,36.00
proposed,26,2.063407,36.00
conv,26,2.061909,36.00
3,26,2.334913,36.00
proposed,27,2.245331,36.00
conv,27,2.150796,36.00
3,27,2.489947,36.00
proposed,28,2.113989,36.00
conv,28,2.102137,36.00
3,28,2.563810,36.00
proposed,29,2.038880,36.00
conv,29,2.003550,36.00
3,29,2.365380,36.00
proposed,30,2.331762,36.00
conv,30,2.339011,36.00
3,30,2.669487,36.00
proposed,31,2.146606,36.00
conv,31,2.084835,36.00
3,31,2.471715,36.00
proposed,32,2.141808,36.00
conv,32,2.153610,36.00
3,32,2.533585,36.00
proposed,33,2.137686,36.00
conv,33,2.128971,36.00
3,33,2.540276,36.00
proposed,34,2.252603,36.00
conv,34,2.256813,36.00
3,34,2.610592,36.00
proposed,35,2.213735,36.00
conv,35,2.209980,36.00
3,35,2.558305,36.00
proposed,36,2.232456,36.00
conv,36,2.227826,36.00
3,36,2.560317,36.00
proposed,37,2.098821,36.00
conv,37,2.094227,36.00
3,37,2.413548,36.00
proposed,38,2.228470,36.00
conv,38,2.172889,36.00
3,38,2.503721,36.00
proposed,39,2.201776,36.00
conv,39,2.203683,36.00
3,39,2.484169,36.00
proposed,40,2.118964,36.00
conv,40,2.110314,36.00
3,40,2.398194,36.00
proposed,41,2.244643,36.00
conv,41,2.148134,36.00
3,41,2.584223,36.00
proposed,42,2.253254,36.00
conv,42,2.249672,36.00
3,42,2.571825,36.00
proposed,43,2.037070,36.00
conv,43,2.035229,36.00
3,43,2.380722,36.00
proposed,44,2.040493,36.00
conv,44,1.965625,36.00
3,44,2.385331,36.00
proposed,45,2.112982,36.00
conv,45,2.113166,36.00
3,45,2.368831,36.00
proposed,46,2.136649,36.00
conv,46,2.119098,36.00
3,46,2.510909,36.00
proposed,47,2.114085,36.00
conv,47,2.130641,36.00
3,47,2.448295,36.00
proposed,48,2.026820,36.00
conv,48,2.040497,36.00
3,48,2.134597,36.00
proposed,49,1.966772,36.00
conv,49,1.972498,36.00
3,49,2.288962,36.00
proposed,50,1.967784,36.00
conv,50,1.899994,36.00
3,50,2.228868,36.00
proposed,51,1.982898,36.00
conv,51,1.941108,36.00
3,51,2.330685,36.00
proposed,52,2.063596,36.00
conv,52,2.001822,36.00
3,52,2.353460,36.00
proposed,53,1.926149,36.00
conv,53,1.908286,36.00
3,53,2.179142,36.00
proposed,54,2.062217,36.00
conv,54,2.025763,36.00
3,54,2.339298,36.00
proposed,55,1.998046,36.00
conv,55,2.001346,36.00
3,55,2.304293,36.00
proposed,56,2.126856,36.00
conv,56,2.076387,36.00
3,56,2.332907,36.00
proposed,57,1.947991,36.00
conv,57,1.949498,36.00
3,57,2.202879,36.00
proposed,58,2.200587,36.00
conv,58,2.187776,36.00
3,58,2.453857,36.00
proposed,59,2.076870,36.00
conv,59,2.076827,36.00
3,59,2.384915,36.00
proposed,60,2.071580,36.00
conv,60,2.050903,36.00
3,60,2.384615,36.00
proposed,61,2.081586,36.00
conv,61,2.078247,36.00
3,61,2.344454,36.00
proposed,62,2.164072,36.00
conv,62,2.172090,36.00
3,62,2.462935,36.00
proposed,63,1.987703,36.00
conv,63,1.962152,36.00
3,63,2.336549,36.00
proposed,64,2.069372,36.00
conv,64,2.044057,36.00
3,64,2.271979,36.00
proposed,65,1.344404,36.00
conv,65,1.327713,36.00
3,65,1.502346,36.00
proposed,66,1.520457,36.00
conv,66,1.518260,36.00
3,66,1.654174,36.00
proposed,67,1.665642,36.00
conv,67,1.629512,36.00
3,67,1.975873,36.00
proposed,68,1.433535,36.00
conv,68,1.486288,36.00
3,68,1.699722,36.00
proposed,69,1.489900,36.00
conv,69,1.493213,36.00
3,69,1.621825,36.00
proposed,70,1.473088,36.00
conv,70,1.448614,36.00
3,70,1.689164,36.00
proposed,71,1.575340,36.00
conv,71,1.584593,36.00
3,71,1.695402,36.00
proposed,72,1.477906,36.00
conv,72,1.510736,36.00
3,72,1.755805,36.00
proposed,73,1.363093,36.00
conv,73,1.363457,36.00
3,73,1.522537,36.00
proposed,74,1.355759,36.00
conv,74,1.409234,36.00
3,74,1.588091,36.00
proposed,75,1.478440,36.00
conv,75,1.474080,36.00
3,75,1.620543,36.00
proposed,76,1.404924,36.00
conv,76,1.401575,36.00
3,76,1.705394,36.00
proposed,77,1.539544,36.00
conv,77,1.559267,36.00
3,77,1.722258,36.00
proposed,78,1.459491,36.00
conv,78,1.440986,36.00
3,78,1.739374,36.00
proposed,79,1.522378,36.00
conv,79,1.573978,36.00
3,79,1.829289,36.00
proposed,80,1.426273,36.00
conv,80,1.438610,36.00
3,80,1.746360,36.00
proposed,81,1.755264,36.00
conv,81,1.757228,36.00
3,81,1.996960,36.00
proposed,82,1.927545,36.00
conv,82,1.897886,36.00
3,82,2.035938,36.00
proposed,83,1.728120,36.00
conv,83,1.717286,36.00
3,83,2.024257,36.00
proposed,84,1.829061,36.00
conv,84,1.815572,36.00
3,84,2.122958,36.00
proposed,85,1.737756,36.00
conv,85,1.789816,36.00
3,85,1.924356,36.00
proposed,86,1.726456,36.00
conv,86,1.720578,36.00
3,86,1.920740,36.00
proposed,87,1.786936,36.00
conv,87,1.778807,36.00
3,87,2.150880,36.00
proposed,88,1.615088,36.00
conv,88,1.624093,36.00
3,88,1.846268,36.00
proposed,89,1.613789,36.00
conv,89,1.638448,36.00
3,89,1.851766,36.00
proposed,90,1.503511,36.00
conv,90,1.509778,36.00
3,90,1.642774,36.00
proposed,91,2.042865,36.00
conv,91,2.040421,36.00
3,91,2.298296,36.00
proposed,92,2.016168,36.00
conv,92,2.007023,36.00
3,92,2.215764,36.00
proposed,93,2.123289,36.00
conv,93,2.168659,36.00
3,93,2.464480,36.00
proposed,94,1.866404,36.00
conv,94,1.862896,36.00
3,94,2.134275,36.00
proposed,95,1.880844,36.00
conv,95,1.830158,36.00
3,95,2.050094,36.00
proposed,96,2.008554,36.00
conv,96,2.014455,36.00
3,96,2.233383,36.00
proposed,97,1.906581,36.00
conv,97,1.965053,36.00
3,97,2.243098,36.00
proposed,98,2.021364,36.00
conv,98,2.042050,36.00
3,98,2.333215,36.00
proposed,99,1.796605,36.00
conv,99,1.794880,36.00
3,99,1.970545,36.00