method,audio_id,si_sdr_db,tx_gain_db
3,0,-48.261404,26.00
3,1,-58.504273,26.00
3,2,0.000000,26.00
3,3,-48.837873,26.00
3,4,0.000000,26.00
3,5,-49.865428,26.00
3,6,-44.049054,26.00
3,7,-33.250739,26.00
3,8,-43.971703,26.00
3,9,-43.845481,26.00
3,10,-55.051832,26.00
3,11,0.000000,26.00
3,12,-45.816505,26.00
3,13,-71.689290,26.00
3,14,0.000000,26.00
3,15,-37.183559,26.00
3,16,0.000000,26.00
3,17,0.000000,26.00
3,18,-50.992076,26.00
3,19,-57.412373,26.00
3,20,0.000000,26.00
3,21,-40.953582,26.00
3,22,-40.640591,26.00
3,23,-54.537737,26.00
3,24,-45.636100,26.00
3,25,-37.005042,26.00
3,26,-44.253883,26.00
3,27,0.000000,26.00
3,28,-44.726862,26.00
3,29,0.000000,26.00
3,30,-40.999017,26.00
3,31,-49.148608,26.00
3,32,-54.989959,26.00
3,33,-49.214550,26.00
3,34,0.000000,26.00
3,35,0.000000,26.00
3,36,-68.803749,26.00
3,37,0.000000,26.00
3,38,-42.782501,26.00
3,39,-41.989949,26.00
3,40,0.000000,26.00
3,41,0.000000,26.00
3,42,0.000000,26.00
3,43,0.000000,26.00
3,44,0.000000,26.00
3,45,0.000000,26.00
3,46,-50.553897,26.00
3,47,-23.655580,26.00
3,48,-49.680862,26.00
3,49,-52.195106,26.00
3,50,-48.298109,26.00
3,51,-45.346746,26.00
3,52,-49.672694,26.00
3,53,-54.359328,26.00
3,54,-38.680449,26.00
3,55,-45.673680,26.00
3,56,-39.945028,26.00
3,57,-36.547187,26.00
3,58,-40.108927,26.00
3,59,0.000000,26.00
3,60,-43.892244,26.00
3,61,0.000000,26.00
3,62,-36.797660,26.00
3,63,-71.572728,26.00
3,64,-46.875325,26.00
3,65,-43.141163,26.00
3,66,-53.109764,26.00
3,67,-97.828935,26.00
3,68,-64.129096,26.00
3,69,-44.924543,26.00
3,70,-67.741977,26.00
3,71,-52.364613,26.00
3,72,-46.584426,26.00
3,73,0.000000,26.00
3,74,0.000000,26.00
3,75,0.000000,26.00
3,76,0.000000,26.00
3,77,0.000000,26.00
3,78,0.000000,26.00
3,79,0.000000,26.00
3,80,0.000000,26.00
3,81,0.000000,26.00
3,82,0.000000,26.00
3,83,0.000000,26.00
3,84,0.000000,26.00
3,85,0.000000,26.00
3,86,0.000000,26.00
3,87,0.000000,26.00
3,88,0.000000,26.00
3,89,0.000000,26.00
3,90,0.000000,26.00
3,91,0.000000,26.00
3,92,-49.736991,26.00
3,93,-35.890582,26.00
3,94,-53.580111,26.00
3,95,-37.700065,26.00
3,96,-43.845390,26.00
3,97,-47.497899,26.00
3,98,-34.466439,26.00
3,99,-38.321220,26.00
conv,0,-44.931006,26.00
conv,1,-55.483364,26.00
conv,2,0.000000,26.00
conv,3,-69.553796,26.00
conv,4,0.000000,26.00
conv,5,-45.294213,26.00
conv,6,-42.707417,26.00
conv,7,-50.157348,26.00
conv,8,-52.930766,26.00
conv,9,-45.118673,26.00
conv,10,-34.157336,26.00
conv,11,0.000000,26.00
conv,12,-42.213900,26.00
conv,13,-52.312459,26.00
conv,14,0.000000,26.00
conv,15,-39.142292,26.00
conv,16,0.000000,26.00
conv,17,0.000000,26.00
conv,18,-48.790903,26.00
conv,19,-64.414528,26.00
conv,20,0.000000,26.00
conv,21,-44.120583,26.00
conv,22,-39.580651,26.00
conv,23,-45.191204,26.00
conv,24,-55.070751,26.00
conv,25,-77.089785,26.00
conv,26,-44.137604,26.00
conv,27,0.000000,26.00
conv,28,-47.212260,26.00
conv,29,0.000000,26.00
conv,30,-49.367450,26.00
conv,31,-57.561769,26.00
conv,32,-39.751564,26.00
conv,33,-39.143891,26.00
conv,34,0.000000,26.00
conv,35,0.000000,26.00
conv,36,-42.857567,26.00
conv,37,0.000000,26.00
conv,38,-44.223633,26.00
conv,39,-44.706456,26.00
conv,40,0.000000,26.00
conv,41,0.000000,26.00
conv,42,0.000000,26.00
conv,43,0.000000,26.00
conv,44,0.000000,26.00
conv,45,0.000000,26.00
conv,46,-48.858719,26.00
conv,47,-25.251777,26.00
conv,48,-42.751383,26.00
conv,49,-42.430745,26.00
conv,50,-38.058399,26.00
conv,51,-42.602816,26.00
conv,52,-41.904529,26.00
conv,53,-45.032567,26.00
conv,54,-37.219927,26.00
conv,55,-74.922742,26.00
conv,56,-53.147964,26.00
conv,57,-47.810862,26.00
conv,58,-49.671959,26.00
conv,59,0.000000,26.00
conv,60,-45.081587,26.00
conv,61,0.000000,26.00
conv,62,-51.738394,26.00
conv,63,-49.103144,26.00
conv,64,-39.367003,26.00
conv,65,-52.134352,26.00
conv,66,-46.187244,26.00
conv,67,-63.721345,26.00
conv,68,-59.011237,26.00
conv,69,-54.351264,26.00
conv,70,-62.029086,26.00
conv,71,-45.604831,26.00
conv,72,-39.968470,26.00
conv,73,0.000000,26.00
conv,74,0.000000,26.00
conv,75,0.000000,26.00
conv,76,0.000000,26.00
conv,77,0.000000,26.00
conv,78,0.000000,26.00
conv,79,0.000000,26.00
conv,80,0.000000,26.00
conv,81,0.000000,26.00
conv,82,0.000000,26.00
conv,83,0.000000,26.00
conv,84,0.000000,26.00
conv,85,0.000000,26.00
conv,86,0.000000,26.00
conv,87,0.000000,26.00
conv,88,0.000000,26.00
conv,89,0.000000,26.00
conv,90,0.000000,26.00
conv,91,0.000000,26.00
conv,92,-39.763311,26.00
conv,93,-48.658383,26.00
conv,94,-46.787136,26.00
conv,95,-45.160149,26.00
conv,96,-46.164954,26.00
conv,97,-38.702799,26.00
conv,98,-57.710037,26.00
conv,99,-43.577422,26.00
proposed,0,-51.886754,26.00
proposed,1,-48.332820,26.00
proposed,2,0.000000,26.00
proposed,3,-39.122039,26.00
proposed,4,0.000000,26.00
proposed,5,-50.157271,26.00
proposed,6,-29.034100,26.00
proposed,7,-23.848711,26.00
proposed,8,-27.198000,26.00
proposed,9,-37.392161,26.00
proposed,10,-44.331616,26.00
proposed,11,0.000000,26.00
proposed,12,-45.117158,26.00
proposed,13,-58.405519,26.00
proposed,14,0.000000,26.00
proposed,15,-32.520741,26.00
proposed,16,0.000000,26.00
proposed,17,0.000000,26.00
proposed,18,-53.201893,26.00
proposed,19,-49.050313,26.00
proposed,20,0.000000,26.00
proposed,21,-32.811842,26.00
proposed,22,-44.935665,26.00
proposed,23,-50.046203,26.00
proposed,24,-50.375206,26.00
proposed,25,-32.170661,26.00
proposed,26,-54.519589,26.00
proposed,27,0.000000,26.00
proposed,28,-39.968508,26.00
proposed,29,0.000000,26.00
proposed,30,-30.299038,26.00
proposed,31,-75.811772,26.00
proposed,32,-47.955784,26.00
proposed,33,-49.870216,26.00
proposed,34,0.000000,26.00
proposed,35,0.000000,26.00
proposed,36,-43.595189,26.00
proposed,37,0.000000,26.00
proposed,38,-53.478456,26.00
proposed,39,-53.833207,26.00
proposed,40,0.000000,26.00
proposed,41,0.000000,26.00
proposed,42,0.000000,26.00
proposed,43,0.000000,26.00
proposed,44,0.000000,26.00
proposed,45,0.000000,26.00
proposed,46,-77.081539,26.00
proposed,47,-10.255879,26.00
proposed,48,-57.877626,26.00
proposed,49,-32.555679,26.00
proposed,50,-36.692112,26.00
proposed,51,-58.706150,26.00
proposed,52,-40.835268,26.00
proposed,53,-58.540613,26.00
proposed,54,-32.932482,26.00
proposed,55,-31.598085,26.00
proposed,56,-60.169251,26.00
proposed,57,-42.263443,26.00
proposed,58,-54.772258,26.00
proposed,59,0.000000,26.00
proposed,60,-33.118928,26.00
proposed,61,0.000000,26.00
proposed,62,-35.665378,26.00
proposed,63,-51.670615,26.00
proposed,64,-72.699867,26.00
proposed,65,-39.876154,26.00
proposed,66,-71.074836,26.00
proposed,67,-66.603374,26.00
proposed,68,-45.678314,26.00
proposed,69,-46.460901,26.00
proposed,70,-40.411207,26.00
proposed,71,-36.552785,26.00
proposed,72,-35.094610,26.00
proposed,73,0.000000,26.00
proposed,74,0.000000,26.00
proposed,75,0.000000,26.00
proposed,76,0.000000,26.00
proposed,77,0.000000,26.00
proposed,78,0.000000,26.00
proposed,79,0.000000,26.00
proposed,80,0.000000,26.00
proposed,81,0.000000,26.00
proposed,82,0.000000,26.00
proposed,83,0.000000,26.00
proposed,84,0.000000,26.00
proposed,85,0.000000,26.00
proposed,86,0.000000,26.00
proposed,87,0.000000,26.00
proposed,88,0.000000,26.00
proposed,89,0.000000,26.00
proposed,90,0.000000,26.00
proposed,91,0.000000,26.00
proposed,92,-45.977223,26.00
proposed,93,-29.370580,26.00
proposed,94,-37.228986,26.00
proposed,95,-39.843171,26.00
proposed,96,-33.507543,26.00
proposed,97,-32.559405,26.00
proposed,98,-28.657736,26.00
proposed,99,-30.652799,26.00
3,0,-42.008154,28.00
3,1,-39.052816,28.00
3,2,-38.239314,28.00
3,3,-29.792800,28.00
3,4,-31.171260,28.00
3,5,-37.956563,28.00
3,6,-39.428772,28.00
3,7,-35.592608,28.00
3,8,-32.540411,28.00
3,9,-32.892133,28.00
3,10,-29.653335,28.00
3,11,-30.747054,28.00
3,12,-29.478168,28.00
3,13,-30.899212,28.00
3,14,-30.441100,28.00
3,15,-32.823225,28.00
3,16,-32.220093,28.00
3,17,-35.407933,28.00
3,18,-35.088249,28.00
3,19,-30.827148,28.00
3,20,-34.141507,28.00
3,21,-30.477579,28.00
3,22,-34.211511,28.00
3,23,-26.670281,28.00
3,24,-31.098634,28.00
3,25,-35.542365,28.00
3,26,-31.015140,28.00
3,27,-33.123096,28.00
3,28,-32.803320,28.00
3,29,-51.357567,28.00
3,30,-32.293698,28.00
3,31,-33.669260,28.00
3,32,-28.785986,28.00
3,33,-28.508798,28.00
3,34,-28.311371,28.00
3,35,-25.824978,28.00
3,36,-33.964865,28.00
3,37,-26.896985,28.00
3,38,-30.653865,28.00
3,39,-30.228195,28.00
3,40,-30.067764,28.00
3,41,-29.923441,28.00
3,42,-30.864284,28.00
3,43,-36.807947,28.00
3,44,-31.265791,28.00
3,45,-27.236968,28.00
3,46,-30.482533,28.00
3,47,-35.102324,28.00
3,48,-36.715394,28.00
3,49,-45.442082,28.00
3,50,-30.244727,28.00
3,51,-32.591151,28.00
3,52,-29.237730,28.00
3,53,-29.909274,28.00
3,54,-32.549459,28.00
3,55,-28.730071,28.00
3,56,-27.681888,28.00
3,57,-32.141579,28.00
3,58,-33.442154,28.00
3,59,-29.889772,28.00
3,60,-30.912525,28.00
3,61,-29.009881,28.00
3,62,-30.660440,28.00
3,63,-28.947730,28.00
3,64,-32.449056,28.00
3,65,-43.550722,28.00
3,66,-48.247642,28.00
3,67,-39.312637,28.00
3,68,-35.036692,28.00
3,69,-39.108652,28.00
3,70,-40.614078,28.00
3,71,-37.643458,28.00
3,72,-34.806517,28.00
3,73,-35.219795,28.00
3,74,-30.315830,28.00
3,75,-35.050794,28.00
3,76,-41.710260,28.00
3,77,-40.460873,28.00
3,78,-59.669110,28.00
3,79,0.000000,28.00
3,80,-50.378116,28.00
3,81,0.000000,28.00
3,82,0.000000,28.00
3,83,0.000000,28.00
3,84,0.000000,28.00
3,85,0.000000,28.00
3,86,-44.825242,28.00
3,87,-57.753255,28.00
3,88,-35.554947,28.00
3,89,-28.768993,28.00
3,90,-31.316925,28.00
3,91,-34.093618,28.00
3,92,-33.613071,28.00
3,93,-35.939038,28.00
3,94,-36.679693,28.00
3,95,-31.243546,28.00
3,96,-32.087307,28.00
3,97,-40.777023,28.00
3,98,-32.823587,28.00
3,99,-41.404484,28.00
conv,0,-52.521029,28.00
conv,1,-41.529777,28.00
conv,2,-54.321575,28.00
conv,3,-39.927008,28.00
conv,4,-41.359401,28.00
conv,5,-38.650325,28.00
conv,6,-42.848845,28.00
conv,7,-43.250031,28.00
conv,8,-37.901936,28.00
conv,9,-44.200102,28.00
conv,10,-77.071673,28.00
conv,11,-43.420366,28.00
conv,12,-52.602073,28.00
conv,13,-42.100254,28.00
conv,14,-37.730497,28.00
conv,15,-42.123960,28.00
conv,16,-40.382984,28.00
conv,17,-39.384400,28.00
conv,18,-38.588109,28.00
conv,19,-67.283511,28.00
conv,20,-40.789679,28.00
conv,21,-43.709774,28.00
conv,22,-41.653883,28.00
conv,23,-39.176643,28.00
conv,24,-52.769449,28.00
conv,25,-36.432838,28.00
conv,26,-38.233307,28.00
conv,27,-55.324871,28.00
conv,28,-38.637702,28.00
conv,29,-46.465100,28.00
conv,30,-48.851441,28.00
conv,31,-49.746591,28.00
conv,32,-40.522046,28.00
conv,33,-41.255333,28.00
conv,34,-48.764497,28.00
conv,35,-35.977460,28.00
conv,36,-41.384225,28.00
conv,37,-39.803387,28.00
conv,38,-40.963200,28.00
conv,39,-43.394477,28.00
conv,40,-36.694028,28.00
conv,41,-37.402442,28.00
conv,42,-43.023040,28.00
conv,43,-59.544642,28.00
conv,44,-45.452830,28.00
conv,45,-43.006479,28.00
conv,46,-47.420122,28.00
conv,47,-42.132864,28.00
conv,48,-40.603165,28.00
conv,49,-64.565206,28.00
conv,50,-38.126702,28.00
conv,51,-41.837481,28.00
conv,52,-36.958884,28.00
conv,53,-37.217953,28.00
conv,54,-35.625901,28.00
conv,55,-31.133897,28.00
conv,56,-39.884362,28.00
conv,57,-36.967237,28.00
conv,58,-50.554810,28.00
conv,59,-37.694192,28.00
conv,60,-44.960430,28.00
conv,61,-40.154183,28.00
conv,62,-43.436651,28.00
conv,63,-59.751273,28.00
conv,64,-42.696720,28.00
conv,65,-45.134949,28.00
conv,66,-43.714602,28.00
conv,67,-37.739565,28.00
conv,68,-49.633568,28.00
conv,69,-36.888199,28.00
conv,70,-38.277220,28.00
conv,71,-37.877203,28.00
conv,72,-46.994305,28.00
conv,73,-61.106665,28.00
conv,74,-55.222913,28.00
conv,75,-58.585063,28.00
conv,76,-43.393812,28.00
conv,77,-40.051334,28.00
conv,78,-51.239430,28.00
conv,79,0.000000,28.00
conv,80,-42.531896,28.00
conv,81,0.000000,28.00
conv,82,0.000000,28.00
conv,83,0.000000,28.00
conv,84,0.000000,28.00
conv,85,0.000000,28.00
conv,86,-42.248258,28.00
conv,87,-42.360529,28.00
conv,88,-45.546027,28.00
conv,89,-47.747682,28.00
conv,90,-45.050420,28.00
conv,91,-33.844196,28.00
conv,92,-54.640099,28.00
conv,93,-39.616099,28.00
conv,94,-41.687849,28.00
conv,95,-56.669625,28.00
conv,96,-42.399352,28.00
conv,97,-75.907159,28.00
conv,98,-41.767122,28.00
conv,99,-42.797734,28.00
proposed,0,-47.254725,28.00
proposed,1,-26.939797,28.00
proposed,2,-31.175590,28.00
proposed,3,-17.718363,28.00
proposed,4,-19.641896,28.00
proposed,5,-20.343610,28.00
proposed,6,-23.421818,28.00
proposed,7,-20.494171,28.00
proposed,8,-15.657713,28.00
proposed,9,-17.949090,28.00
proposed,10,-15.040356,28.00
proposed,11,-24.919793,28.00
proposed,12,-18.478830,28.00
proposed,13,-14.422928,28.00
proposed,14,-18.108456,28.00
proposed,15,-19.212428,28.00
proposed,16,-20.557045,28.00
proposed,17,-23.688203,28.00
proposed,18,-21.813412,28.00
proposed,19,-17.950919,28.00
proposed,20,-17.252745,28.00
proposed,21,-21.904053,28.00
proposed,22,-23.282010,28.00
proposed,23,-19.730442,28.00
proposed,24,-21.100194,28.00
proposed,25,-20.878700,28.00
proposed,26,-23.082434,28.00
proposed,27,-20.621495,28.00
proposed,28,-19.235823,28.00
proposed,29,-29.468428,28.00
proposed,30,-22.468212,28.00
proposed,31,-14.724885,28.00
proposed,32,-17.118826,28.00
proposed,33,-20.804716,28.00
proposed,34,-22.198152,28.00
proposed,35,-15.385706,28.00
proposed,36,-24.059902,28.00
proposed,37,-16.528625,28.00
proposed,38,-17.171537,28.00
proposed,39,-20.028167,28.00
proposed,40,-20.798663,28.00
proposed,41,-18.198931,28.00
proposed,42,-20.326849,28.00
proposed,43,-19.795804,28.00
proposed,44,-19.840445,28.00
proposed,45,-18.172717,28.00
proposed,46,-22.053995,28.00
proposed,47,-19.151210,28.00
proposed,48,-25.198115,28.00
proposed,49,-53.993038,28.00
proposed,50,-16.721478,28.00
proposed,51,-18.778045,28.00
proposed,52,-17.807344,28.00
proposed,53,-21.380711,28.00
proposed,54,-19.447817,28.00
proposed,55,-18.669751,28.00
proposed,56,-20.527598,28.00
proposed,57,-19.173722,28.00
proposed,58,-21.294589,28.00
proposed,59,-25.209136,28.00
proposed,60,-24.760462,28.00
proposed,61,-15.873548,28.00
proposed,62,-19.016855,28.00
proposed,63,-19.718057,28.00
proposed,64,-21.567360,28.00
proposed,65,-30.661211,28.00
proposed,66,-37.875939,28.00
proposed,67,-27.703576,28.00
proposed,68,-34.145006,28.00
proposed,69,-39.349154,28.00
proposed,70,-27.856807,28.00
proposed,71,-37.842605,28.00
proposed,72,-27.499759,28.00
proposed,73,-35.747797,28.00
proposed,74,-23.719845,28.00
proposed,75,-30.372169,28.00
proposed,76,-34.559259,28.00
proposed,77,-30.718379,28.00
proposed,78,-37.865387,28.00
proposed,79,0.000000,28.00
proposed,80,-43.401835,28.00
proposed,81,0.000000,28.00
proposed,82,0.000000,28.00
proposed,83,0.000000,28.00
proposed,84,0.000000,28.00
proposed,85,0.000000,28.00
proposed,86,-37.322573,28.00
proposed,87,-37.165160,28.00
proposed,88,-27.427347,28.00
proposed,89,-23.241509,28.00
proposed,90,-27.169324,28.00
proposed,91,-17.890472,28.00
proposed,92,-21.855562,28.00
proposed,93,-20.121303,28.00
proposed,94,-30.369543,28.00
proposed,95,-35.816022,28.00
proposed,96,-20.945572,28.00
proposed,97,-34.861788,28.00
proposed,98,-25.438995,28.00
proposed,99,-22.530614,28.00
3,0,-33.556658,30.00
3,1,-24.251841,30.00
3,2,-19.097093,30.00
3,3,-19.982284,30.00
3,4,-20.643857,30.00
3,5,-19.418245,30.00
3,6,-19.997895,30.00
3,7,-19.132961,30.00
3,8,-20.050632,30.00
3,9,-18.572309,30.00
3,10,-20.565413,30.00
3,11,-18.539873,30.00
3,12,-20.412875,30.00
3,13,-21.621038,30.00
3,14,-19.245906,30.00
3,15,-20.339518,30.00
3,16,-23.546034,30.00
3,17,-23.084258,30.00
3,18,-19.440471,30.00
3,19,-18.417110,30.00
3,20,-19.790866,30.00
3,21,-19.353474,30.00
3,22,-17.526224,30.00
3,23,-21.162703,30.00
3,24,-21.326589,30.00
3,25,-19.628903,30.00
3,26,-26.498194,30.00
3,27,-19.472100,30.00
3,28,-19.237666,30.00
3,29,-19.409604,30.00
3,30,-19.527116,30.00
3,31,-17.676758,30.00
3,32,-24.362584,30.00
3,33,-18.593215,30.00
3,34,-20.533410,30.00
3,35,-20.802660,30.00
3,36,-23.480461,30.00
3,37,-20.170750,30.00
3,38,-19.352816,30.00
3,39,-17.269356,30.00
3,40,-21.222697,30.00
3,41,-22.255527,30.00
3,42,-19.145321,30.00
3,43,-21.596665,30.00
3,44,-22.468074,30.00
3,45,-18.728837,30.00
3,46,-20.975269,30.00
3,47,-21.438369,30.00
3,48,-22.892358,30.00
3,49,-19.496689,30.00
3,50,-21.580009,30.00
3,51,-20.059273,30.00
3,52,-20.723535,30.00
3,53,-19.942944,30.00
3,54,-19.942730,30.00
3,55,-17.377287,30.00
3,56,-19.789789,30.00
3,57,-19.921596,30.00
3,58,-18.630425,30.00
3,59,-19.547118,30.00
3,60,-20.387964,30.00
3,61,-19.092015,30.00
3,62,-21.051235,30.00
3,63,-16.998723,30.00
3,64,-20.685972,30.00
3,65,-24.960558,30.00
3,66,-26.503848,30.00
3,67,-26.837711,30.00
3,68,-25.045287,30.00
3,69,-23.741103,30.00
3,70,-24.721433,30.00
3,71,-25.993095,30.00
3,72,-22.005456,30.00
3,73,-27.322838,30.00
3,74,-22.539321,30.00
3,75,-25.558941,30.00
3,76,-25.093820,30.00
3,77,-24.638636,30.00
3,78,-26.119604,30.00
3,79,-24.857545,30.00
3,80,-25.043908,30.00
3,81,-17.924916,30.00
3,82,-18.746797,30.00
3,83,-16.688546,30.00
3,84,-19.944490,30.00
3,85,-24.086919,30.00
3,86,-18.239779,30.00
3,87,-17.892318,30.00
3,88,-18.720973,30.00
3,89,-17.864837,30.00
3,90,-19.398309,30.00
3,91,-15.414049,30.00
3,92,-14.655956,30.00
3,93,-17.822922,30.00
3,94,-15.119577,30.00
3,95,-17.014806,30.00
3,96,-18.998420,30.00
3,97,-16.990932,30.00
3,98,-19.112392,30.00
3,99,-19.558375,30.00
conv,0,-43.434291,30.00
conv,1,-35.733007,30.00
conv,2,-28.557710,30.00
conv,3,-25.474717,30.00
conv,4,-26.331438,30.00
conv,5,-25.431191,30.00
conv,6,-28.746059,30.00
conv,7,-26.146417,30.00
conv,8,-22.524197,30.00
conv,9,-25.205301,30.00
conv,10,-25.829275,30.00
conv,11,-25.889311,30.00
conv,12,-25.415270,30.00
conv,13,-29.747063,30.00
conv,14,-26.582497,30.00
conv,15,-26.684734,30.00
conv,16,-27.979618,30.00
conv,17,-28.166575,30.00
conv,18,-26.448788,30.00
conv,19,-24.318392,30.00
conv,20,-32.574871,30.00
conv,21,-28.002211,30.00
conv,22,-26.472208,30.00
conv,23,-26.887937,30.00
conv,24,-29.364554,30.00
conv,25,-26.255633,30.00
conv,26,-31.688157,30.00
conv,27,-28.580947,30.00
conv,28,-30.465611,30.00
conv,29,-26.174994,30.00
conv,30,-25.467294,30.00
conv,31,-25.613208,30.00
conv,32,-29.376796,30.00
conv,33,-22.799002,30.00
conv,34,-25.701755,30.00
conv,35,-27.784100,30.00
conv,36,-36.147749,30.00
conv,37,-25.446590,30.00
conv,38,-25.926110,30.00
conv,39,-24.717819,30.00
conv,40,-29.733461,30.00
conv,41,-23.578261,30.00
conv,42,-25.111742,30.00
conv,43,-25.078082,30.00
conv,44,-27.133333,30.00
conv,45,-28.371901,30.00
conv,46,-24.710756,30.00
conv,47,-25.969433,30.00
conv,48,-29.742821,30.00
conv,49,-26.380945,30.00
conv,50,-23.210898,30.00
conv,51,-26.528932,30.00
conv,52,-30.287851,30.00
conv,53,-25.827981,30.00
conv,54,-26.012041,30.00
conv,55,-26.785129,30.00
conv,56,-23.537488,30.00
conv,57,-23.673323,30.00
conv,58,-25.666911,30.00
conv,59,-24.368951,30.00
conv,60,-27.755061,30.00
conv,61,-27.261928,30.00
conv,62,-23.631712,30.00
conv,63,-30.065795,30.00
conv,64,-27.590640,30.00
conv,65,-34.620661,30.00
conv,66,-32.550839,30.00
conv,67,-33.859887,30.00
conv,68,-30.153997,30.00
conv,69,-31.208029,30.00
conv,70,-28.915743,30.00
conv,71,-35.876717,30.00
conv,72,-31.632902,30.00
conv,73,-32.206382,30.00
conv,74,-29.806745,30.00
conv,75,-30.223721,30.00
conv,76,-30.247105,30.00
conv,77,-31.864801,30.00
conv,78,-30.827900,30.00
conv,79,-35.336622,30.00
conv,80,-32.106997,30.00
conv,81,-22.259316,30.00
conv,82,-25.127516,30.00
conv,83,-24.698510,30.00
conv,84,-29.929185,30.00
conv,85,-27.817285,30.00
conv,86,-26.727290,30.00
conv,87,-23.906420,30.00
conv,88,-25.550464,30.00
conv,89,-24.132532,30.00
conv,90,-23.599700,30.00
conv,91,-22.043042,30.00
conv,92,-18.306758,30.00
conv,93,-26.113409,30.00
conv,94,-20.737894,30.00
conv,95,-21.244975,30.00
conv,96,-25.407878,30.00
conv,97,-24.103399,30.00
conv,98,-24.726232,30.00
conv,99,-25.279719,30.00
proposed,0,-16.753458,30.00
proposed,1,-14.688066,30.00
proposed,2,-7.929321,30.00
proposed,3,-7.659562,30.00
proposed,4,-8.709600,30.00
proposed,5,-7.764818,30.00
proposed,6,-8.452253,30.00
proposed,7,-7.157984,30.00
proposed,8,-8.077444,30.00
proposed,9,-9.532335,30.00
proposed,10,-11.111340,30.00
proposed,11,-8.427578,30.00
proposed,12,-8.306720,30.00
proposed,13,-11.336223,30.00
proposed,14,-9.132744,30.00
proposed,15,-8.816720,30.00
proposed,16,-10.735061,30.00
proposed,17,-11.449509,30.00
proposed,18,-8.310586,30.00
proposed,19,-7.573807,30.00
proposed,20,-9.802852,30.00
proposed,21,-9.812898,30.00
proposed,22,-11.195293,30.00
proposed,23,-11.711458,30.00
proposed,24,-12.652001,30.00
proposed,25,-8.126768,30.00
proposed,26,-11.813584,30.00
proposed,27,-9.810986,30.00
proposed,28,-9.746808,30.00
proposed,29,-9.476499,30.00
proposed,30,-9.035184,30.00
proposed,31,-10.273795,30.00
proposed,32,-14.409758,30.00
proposed,33,-10.546277,30.00
proposed,34,-10.333895,30.00
proposed,35,-9.044318,30.00
proposed,36,-11.713244,30.00
proposed,37,-10.495989,30.00
proposed,38,-7.702593,30.00
proposed,39,-10.684721,30.00
proposed,40,-11.492718,30.00
proposed,41,-10.554508,30.00
proposed,42,-8.114036,30.00
proposed,43,-11.040194,30.00
proposed,44,-11.239342,30.00
proposed,45,-9.908708,30.00
proposed,46,-8.405351,30.00
proposed,47,-10.621513,30.00
proposed,48,-12.511305,30.00
proposed,49,-10.277647,30.00
proposed,50,-9.136508,30.00
proposed,51,-10.120128,30.00
proposed,52,-9.905956,30.00
proposed,53,-9.978317,30.00
proposed,54,-8.443605,30.00
proposed,55,-9.535196,30.00
proposed,56,-9.309850,30.00
proposed,57,-10.288649,30.00
proposed,58,-11.988982,30.00
proposed,59,-8.779517,30.00
proposed,60,-11.482050,30.00
proposed,61,-9.832294,30.00
proposed,62,-8.917907,30.00
proposed,63,-9.093603,30.00
proposed,64,-9.424587,30.00
proposed,65,-17.739108,30.00
proposed,66,-22.694222,30.00
proposed,67,-18.376112,30.00
proposed,68,-20.903787,30.00
proposed,69,-19.540170,30.00
proposed,70,-17.055787,30.00
proposed,71,-26.095715,30.00
proposed,72,-19.792222,30.00
proposed,73,-23.757376,30.00
proposed,74,-17.292939,30.00
proposed,75,-17.570939,30.00
proposed,76,-18.922802,30.00
proposed,77,-21.797965,30.00
proposed,78,-19.027951,30.00
proposed,79,-21.557080,30.00
proposed,80,-21.575822,30.00
proposed,81,-10.148999,30.00
proposed,82,-9.595658,30.00
proposed,83,-10.937646,30.00
proposed,84,-11.875873,30.00
proposed,85,-13.493109,30.00
proposed,86,-10.247239,30.00
proposed,87,-9.146094,30.00
proposed,88,-13.340389,30.00
proposed,89,-11.887859,30.00
proposed,90,-11.351190,30.00
proposed,91,-7.766992,30.00
proposed,92,-5.667785,30.00
proposed,93,-8.445157,30.00
proposed,94,-10.927247,30.00
proposed,95,-9.449319,30.00
proposed,96,-8.767925,30.00
proposed,97,-9.006425,30.00
proposed,98,-9.566283,30.00
proposed,99,-10.012685,30.00
3,0,-17.484973,32.00
3,1,-12.852666,32.00
3,2,-12.403365,32.00
3,3,-11.660201,32.00
3,4,-11.107737,32.00
3,5,-11.071909,32.00
3,6,-11.172591,32.00
3,7,-12.164634,32.00
3,8,-11.014196,32.00
3,9,-11.536795,32.00
3,10,-12.269660,32.00
3,11,-11.215951,32.00
3,12,-12.362894,32.00
3,13,-13.233514,32.00
3,14,-12.113442,32.00
3,15,-12.027513,32.00
3,16,-11.297740,32.00
3,17,-15.578166,32.00
3,18,-11.529479,32.00
3,19,-12.738048,32.00
3,20,-14.736233,32.00
3,21,-11.980182,32.00
3,22,-12.864693,32.00
3,23,-13.113501,32.00
3,24,-12.121091,32.00
3,25,-12.748336,32.00
3,26,-11.967080,32.00
3,27,-11.859772,32.00
3,28,-11.596594,32.00
3,29,-11.261423,32.00
3,30,-10.606234,32.00
3,31,-10.116837,32.00
3,32,-13.037366,32.00
3,33,-10.950156,32.00
3,34,-10.370519,32.00
3,35,-12.708404,32.00
3,36,-12.809389,32.00
3,37,-12.959021,32.00
3,38,-12.675121,32.00
3,39,-10.991669,32.00
3,40,-12.275011,32.00
3,41,-11.197722,32.00
3,42,-10.860574,32.00
3,43,-12.887449,32.00
3,44,-13.030646,32.00
3,45,-16.806061,32.00
3,46,-13.249223,32.00
3,47,-12.564161,32.00
3,48,-15.483522,32.00
3,49,-14.009211,32.00
3,50,-12.665257,32.00
3,51,-13.185226,32.00
3,52,-13.717702,32.00
3,53,-12.789414,32.00
3,54,-12.753418,32.00
3,55,-10.863114,32.00
3,56,-11.158244,32.00
3,57,-12.047472,32.00
3,58,-11.006605,32.00
3,59,-13.045906,32.00
3,60,-10.948309,32.00
3,61,-12.368006,32.00
3,62,-10.945025,32.00
3,63,-11.724417,32.00
3,64,-11.958488,32.00
3,65,-16.025852,32.00
3,66,-19.369214,32.00
3,67,-19.744077,32.00
3,68,-18.616507,32.00
3,69,-18.383204,32.00
3,70,-16.520085,32.00
3,71,-19.764881,32.00
3,72,-17.229385,32.00
3,73,-18.896825,32.00
3,74,-14.344201,32.00
3,75,-16.743199,32.00
3,76,-17.162372,32.00
3,77,-20.969355,32.00
3,78,-17.673887,32.00
3,79,-15.519029,32.00
3,80,-17.952808,32.00
3,81,-11.133832,32.00
3,82,-11.340783,32.00
3,83,-12.587138,32.00
3,84,-13.143453,32.00
3,85,-12.288156,32.00
3,86,-11.580030,32.00
3,87,-10.188126,32.00
3,88,-11.409281,32.00
3,89,-10.449902,32.00
3,90,-12.439545,32.00
3,91,-9.001081,32.00
3,92,-11.565416,32.00
3,93,-14.318148,32.00
3,94,-14.549925,32.00
3,95,-17.256212,32.00
3,96,-20.021783,32.00
3,97,-18.500990,32.00
3,98,-18.729301,32.00
3,99,-18.427053,32.00
conv,0,-17.399283,32.00
conv,1,-10.400951,32.00
conv,2,-9.476264,32.00
conv,3,-9.455182,32.00
conv,4,-8.240560,32.00
conv,5,-9.936058,32.00
conv,6,-9.177600,32.00
conv,7,-8.351575,32.00
conv,8,-9.329252,32.00
conv,9,-9.582527,32.00
conv,10,-8.119519,32.00
conv,11,-9.385227,32.00
conv,12,-10.080360,32.00
conv,13,-11.642570,32.00
conv,14,-9.817925,32.00
conv,15,-9.681009,32.00
conv,16,-8.393021,32.00
conv,17,-12.360771,32.00
conv,18,-9.755088,32.00
conv,19,-8.681588,32.00
conv,20,-15.553244,32.00
conv,21,-11.365556,32.00
conv,22,-9.197072,32.00
conv,23,-12.603755,32.00
conv,24,-8.972822,32.00
conv,25,-9.360180,32.00
conv,26,-10.824847,32.00
conv,27,-8.453289,32.00
conv,28,-7.428795,32.00
conv,29,-8.844106,32.00
conv,30,-9.018235,32.00
conv,31,-7.080681,32.00
conv,32,-10.149394,32.00
conv,33,-8.703662,32.00
conv,34,-9.047617,32.00
conv,35,-9.809846,32.00
conv,36,-8.917365,32.00
conv,37,-9.284345,32.00
conv,38,-9.784897,32.00
conv,39,-8.637665,32.00
conv,40,-9.353129,32.00
conv,41,-10.054868,32.00
conv,42,-8.909695,32.00
conv,43,-10.178316,32.00
conv,44,-12.491979,32.00
conv,45,-14.189751,32.00
conv,46,-11.303904,32.00
conv,47,-12.602433,32.00
conv,48,-13.711124,32.00
conv,49,-12.978881,32.00
conv,50,-13.189147,32.00
conv,51,-10.969841,32.00
conv,52,-10.616640,32.00
conv,53,-10.089920,32.00
conv,54,-10.233804,32.00
conv,55,-9.352336,32.00
conv,56,-8.685711,32.00
conv,57,-10.339725,32.00
conv,58,-9.515858,32.00
conv,59,-8.805497,32.00
conv,60,-8.885684,32.00
conv,61,-8.060536,32.00
conv,62,-6.675633,32.00
conv,63,-8.838316,32.00
conv,64,-10.028754,32.00
conv,65,-14.543025,32.00
conv,66,-18.167859,32.00
conv,67,-21.446787,32.00
conv,68,-17.938644,32.00
conv,69,-13.767092,32.00
conv,70,-15.783947,32.00
conv,71,-18.857784,32.00
conv,72,-16.912196,32.00
conv,73,-16.861353,32.00
conv,74,-13.366598,32.00
conv,75,-15.887518,32.00
conv,76,-16.373004,32.00
conv,77,-19.822388,32.00
conv,78,-17.141691,32.00
conv,79,-13.931564,32.00
conv,80,-16.651098,32.00
conv,81,-7.805884,32.00
conv,82,-8.231320,32.00
conv,83,-9.586782,32.00
conv,84,-9.938215,32.00
conv,85,-10.721112,32.00
conv,86,-10.329120,32.00
conv,87,-7.696341,32.00
conv,88,-9.800924,32.00
conv,89,-8.273544,32.00
conv,90,-10.592678,32.00
conv,91,-7.844912,32.00
conv,92,-14.283481,32.00
conv,93,-17.701073,32.00
conv,94,-16.305331,32.00
conv,95,-21.296867,32.00
conv,96,-20.522226,32.00
conv,97,-26.579879,32.00
conv,98,-20.597054,32.00
conv,99,-21.039330,32.00
proposed,0,-7.203383,32.00
proposed,1,-2.932241,32.00
proposed,2,-2.937541,32.00
proposed,3,-1.353146,32.00
proposed,4,-3.035524,32.00
proposed,5,-2.462260,32.00
proposed,6,-2.469108,32.00
proposed,7,-1.615427,32.00
proposed,8,-2.020099,32.00
proposed,9,-2.688339,32.00
proposed,10,-2.195093,32.00
proposed,11,-2.829961,32.00
proposed,12,-3.000847,32.00
proposed,13,-4.151834,32.00
proposed,14,-2.168697,32.00
proposed,15,-2.932376,32.00
proposed,16,-2.917987,32.00
proposed,17,-5.430166,32.00
proposed,18,-2.570511,32.00
proposed,19,-2.550767,32.00
proposed,20,-4.875525,32.00
proposed,21,-4.337578,32.00
proposed,22,-4.940058,32.00
proposed,23,-3.974615,32.00
proposed,24,-3.467418,32.00
proposed,25,-3.087642,32.00
proposed,26,-4.349921,32.00
proposed,27,-3.758490,32.00
proposed,28,-3.801250,32.00
proposed,29,-3.593492,32.00
proposed,30,-2.913347,32.00
proposed,31,-2.745043,32.00
proposed,32,-3.721203,32.00
proposed,33,-2.925094,32.00
proposed,34,-2.826472,32.00
proposed,35,-2.904008,32.00
proposed,36,-2.536534,32.00
proposed,37,-4.817748,32.00
proposed,38,-3.604754,32.00
proposed,39,-3.476507,32.00
proposed,40,-3.926621,32.00
proposed,41,-2.777869,32.00
proposed,42,-2.341242,32.00
proposed,43,-4.185352,32.00
proposed,44,-3.954300,32.00
proposed,45,-5.308678,32.00
proposed,46,-3.248488,32.00
proposed,47,-3.517879,32.00
proposed,48,-4.000774,32.00
proposed,49,-4.317480,32.00
proposed,50,-3.278505,32.00
proposed,51,-3.352286,32.00
proposed,52,-2.545470,32.00
proposed,53,-3.866789,32.00
proposed,54,-4.589828,32.00
proposed,55,-4.370890,32.00
proposed,56,-2.885897,32.00
proposed,57,-4.428780,32.00
proposed,58,-4.683311,32.00
proposed,59,-2.885199,32.00
proposed,60,-2.799024,32.00
proposed,61,-3.322352,32.00
proposed,62,-3.056132,32.00
proposed,63,-3.412256,32.00
proposed,64,-3.368898,32.00
proposed,65,-11.215180,32.00
proposed,66,-14.484475,32.00
proposed,67,-10.645523,32.00
proposed,68,-14.161615,32.00
proposed,69,-12.218741,32.00
proposed,70,-11.671821,32.00
proposed,71,-13.022547,32.00
proposed,72,-13.112910,32.00
proposed,73,-13.145124,32.00
proposed,74,-10.520579,32.00
proposed,75,-12.268885,32.00
proposed,76,-11.530713,32.00
proposed,77,-14.961214,32.00
proposed,78,-12.513985,32.00
proposed,79,-10.632164,32.00
proposed,80,-12.560534,32.00
proposed,81,-3.528862,32.00
proposed,82,-2.296371,32.00
proposed,83,-3.476198,32.00
proposed,84,-3.943553,32.00
proposed,85,-3.368207,32.00
proposed,86,-3.565335,32.00
proposed,87,-2.523788,32.00
proposed,88,-4.778779,32.00
proposed,89,-4.151558,32.00
proposed,90,-4.726913,32.00
proposed,91,-2.467469,32.00
proposed,92,-3.434546,32.00
proposed,93,-7.632308,32.00
proposed,94,-8.139724,32.00
proposed,95,-8.195572,32.00
proposed,96,-8.360163,32.00
proposed,97,-9.767130,32.00
proposed,98,-7.369160,32.00
proposed,99,-8.014167,32.00
3,0,-9.571259,34.00
3,1,-5.612490,34.00
3,2,-5.022559,34.00
3,3,-4.332297,34.00
3,4,-5.054237,34.00
3,5,-3.299938,34.00
3,6,-4.361653,34.00
3,7,-3.996367,34.00
3,8,-1.841339,34.00
3,9,-3.375751,34.00
3,10,-1.072650,34.00
3,11,-4.972424,34.00
3,12,-4.909966,34.00
3,13,-4.849108,34.00
3,14,-3.903481,34.00
3,15,-4.582337,34.00
3,16,-4.750811,34.00
3,17,-4.715865,34.00
3,18,-4.048351,34.00
3,19,-2.177980,34.00
3,20,-5.294161,34.00
3,21,-7.537757,34.00
3,22,-4.046488,34.00
3,23,-6.939489,34.00
3,24,-4.806014,34.00
3,25,-3.811254,34.00
3,26,-4.274547,34.00
3,27,-4.229144,34.00
3,28,-4.645495,34.00
3,29,-4.668677,34.00
3,30,-3.855689,34.00
3,31,-2.682814,34.00
3,32,-4.182712,34.00
3,33,-4.053441,34.00
3,34,-4.229552,34.00
3,35,-3.996183,34.00
3,36,-4.905370,34.00
3,37,-3.970546,34.00
3,38,-5.312055,34.00
3,39,-3.401581,34.00
3,40,-3.426626,34.00
3,41,-3.451733,34.00
3,42,-3.737253,34.00
3,43,-7.345298,34.00
3,44,-7.288071,34.00
3,45,-11.567616,34.00
3,46,-10.184372,34.00
3,47,-12.065925,34.00
3,48,-14.834843,34.00
3,49,-12.966723,34.00
3,50,-12.685645,34.00
3,51,-13.974282,34.00
3,52,-12.249426,34.00
3,53,-12.065589,34.00
3,54,-10.530263,34.00
3,55,-11.038521,34.00
3,56,-12.296271,34.00
3,57,-14.395244,34.00
3,58,-11.152464,34.00
3,59,-10.391341,34.00
3,60,-11.592772,34.00
3,61,-11.275458,34.00
3,62,-11.034540,34.00
3,63,-11.656091,34.00
3,64,-4.508159,34.00
3,65,-8.812072,34.00
3,66,-8.507180,34.00
3,67,-5.867554,34.00
3,68,-9.948512,34.00
3,69,-8.983598,34.00
3,70,-8.702744,34.00
3,71,-9.656048,34.00
3,72,-10.101750,34.00
3,73,-10.413285,34.00
3,74,-6.068268,34.00
3,75,-8.085860,34.00
3,76,-8.980322,34.00
3,77,-8.707867,34.00
3,78,-9.207301,34.00
3,79,-7.401044,34.00
3,80,-10.437103,34.00
3,81,-7.123093,34.00
3,82,-4.873055,34.00
3,83,-5.967250,34.00
3,84,-7.732290,34.00
3,85,-5.462142,34.00
3,86,-6.850030,34.00
3,87,-8.287765,34.00
3,88,-7.187141,34.00
3,89,-9.430642,34.00
3,90,-10.317451,34.00
3,91,-3.393863,34.00
3,92,-2.801601,34.00
3,93,-5.394951,34.00
3,94,-4.167730,34.00
3,95,-7.688779,34.00
3,96,-8.148472,34.00
3,97,-10.163918,34.00
3,98,-8.407912,34.00
3,99,-12.554391,34.00
conv,0,-4.002624,34.00
conv,1,3.239073,34.00
conv,2,0.672251,34.00
conv,3,2.638402,34.00
conv,4,1.174396,34.00
conv,5,1.192391,34.00
conv,6,1.328281,34.00
conv,7,3.148139,34.00
conv,8,2.200105,34.00
conv,9,2.300087,34.00
conv,10,4.055449,34.00
conv,11,2.280567,34.00
conv,12,0.794668,34.00
conv,13,0.819216,34.00
conv,14,2.709197,34.00
conv,15,1.618468,34.00
conv,16,0.845238,34.00
conv,17,0.786133,34.00
conv,18,1.860296,34.00
conv,19,1.704071,34.00
conv,20,1.112858,34.00
conv,21,1.026916,34.00
conv,22,-0.330928,34.00
conv,23,0.377663,34.00
conv,24,1.244889,34.00
conv,25,1.108980,34.00
conv,26,0.150683,34.00
conv,27,0.536951,34.00
conv,28,0.546671,34.00
conv,29,0.331100,34.00
conv,30,1.299230,34.00
conv,31,1.140867,34.00
conv,32,0.737171,34.00
conv,33,0.813850,34.00
conv,34,1.021731,34.00
conv,35,1.874088,34.00
conv,36,-0.262935,34.00
conv,37,0.455985,34.00
conv,38,-0.383560,34.00
conv,39,1.011224,34.00
conv,40,1.332701,34.00
conv,41,1.447784,34.00
conv,42,1.588397,34.00
conv,43,-0.201149,34.00
conv,44,-2.369111,34.00
conv,45,-9.403565,34.00
conv,46,-5.996236,34.00
conv,47,-9.837803,34.00
conv,48,-11.564656,34.00
conv,49,-10.795286,34.00
conv,50,-9.223270,34.00
conv,51,-8.741289,34.00
conv,52,-9.077665,34.00
conv,53,-10.560950,34.00
conv,54,-9.378001,34.00
conv,55,-5.860808,34.00
conv,56,-8.745011,34.00
conv,57,-11.474561,34.00
conv,58,-6.505039,34.00
conv,59,-4.871417,34.00
conv,60,-8.342148,34.00
conv,61,-7.882058,34.00
conv,62,-7.340162,34.00
conv,63,-7.772974,34.00
conv,64,1.632187,34.00
conv,65,-5.405228,34.00
conv,66,-5.614485,34.00
conv,67,-2.349386,34.00
conv,68,-7.605521,34.00
conv,69,-5.321234,34.00
conv,70,-4.729495,34.00
conv,71,-7.090826,34.00
conv,72,-6.352576,34.00
conv,73,-6.476033,34.00
conv,74,-3.166476,34.00
conv,75,-4.707686,34.00
conv,76,-6.028484,34.00
conv,77,-4.814501,34.00
conv,78,-6.356077,34.00
conv,79,-3.147274,34.00
conv,80,-6.819852,34.00
conv,81,-1.711282,34.00
conv,82,2.482052,34.00
conv,83,1.595624,34.00
conv,84,-1.124068,34.00
conv,85,1.704116,34.00
conv,86,1.115604,34.00
conv,87,-1.754655,34.00
conv,88,-2.027153,34.00
conv,89,-2.949138,34.00
conv,90,-3.243344,34.00
conv,91,2.936302,34.00
conv,92,3.630130,34.00
conv,93,0.179634,34.00
conv,94,1.140636,34.00
conv,95,-2.359328,34.00
conv,96,-4.773283,34.00
conv,97,-2.428182,34.00
conv,98,-3.085777,34.00
conv,99,-7.460309,34.00
proposed,0,-2.267104,34.00
proposed,1,2.084262,34.00
proposed,2,0.861291,34.00
proposed,3,1.799724,34.00
proposed,4,1.219436,34.00
proposed,5,1.065129,34.00
proposed,6,1.041865,34.00
proposed,7,2.159565,34.00
proposed,8,1.426191,34.00
proposed,9,1.620824,34.00
proposed,10,2.187641,34.00
proposed,11,1.483948,34.00
proposed,12,0.787574,34.00
proposed,13,0.207062,34.00
proposed,14,1.416656,34.00
proposed,15,1.216790,34.00
proposed,16,0.053849,34.00
proposed,17,0.607870,34.00
proposed,18,0.412596,34.00
proposed,19,1.146643,34.00
proposed,20,0.351442,34.00
proposed,21,-0.221159,34.00
proposed,22,-1.098057,34.00
proposed,23,-0.732903,34.00
proposed,24,0.660928,34.00
proposed,25,-0.307013,34.00
proposed,26,0.480455,34.00
proposed,27,-0.066639,34.00
proposed,28,-0.804115,34.00
proposed,29,0.112552,34.00
proposed,30,0.135811,34.00
proposed,31,0.630361,34.00
proposed,32,-0.245467,34.00
proposed,33,-0.130404,34.00
proposed,34,0.105609,34.00
proposed,35,0.003738,34.00
proposed,36,-0.557201,34.00
proposed,37,0.104826,34.00
proposed,38,-0.291815,34.00
proposed,39,0.121707,34.00
proposed,40,0.043801,34.00
proposed,41,0.791786,34.00
proposed,42,0.850271,34.00
proposed,43,-1.465731,34.00
proposed,44,-1.170721,34.00
proposed,45,-2.131871,34.00
proposed,46,-1.749652,34.00
proposed,47,-3.885415,34.00
proposed,48,-4.254313,34.00
proposed,49,-3.363288,34.00
proposed,50,-2.036222,34.00
proposed,51,-3.319413,34.00
proposed,52,-0.589896,34.00
proposed,53,-3.930720,34.00
proposed,54,-4.246652,34.00
proposed,55,-3.923359,34.00
proposed,56,-2.726844,34.00
proposed,57,-4.652109,34.00
proposed,58,-2.004690,34.00
proposed,59,-1.865648,34.00
proposed,60,-4.652372,34.00
proposed,61,-2.453400,34.00
proposed,62,-3.234063,34.00
proposed,63,-3.578275,34.00
proposed,64,0.516431,34.00
proposed,65,-6.556745,34.00
proposed,66,-7.212647,34.00
proposed,67,-3.531577,34.00
proposed,68,-8.588949,34.00
proposed,69,-6.071104,34.00
proposed,70,-6.068814,34.00
proposed,71,-7.709984,34.00
proposed,72,-8.152548,34.00
proposed,73,-7.336558,34.00
proposed,74,-4.936817,34.00
proposed,75,-5.923965,34.00
proposed,76,-7.203080,34.00
proposed,77,-6.274161,34.00
proposed,78,-7.155296,34.00
proposed,79,-4.694230,34.00
proposed,80,-7.951090,34.00
proposed,81,-1.018041,34.00
proposed,82,1.815331,34.00
proposed,83,0.126010,34.00
proposed,84,-2.020644,34.00
proposed,85,-0.239067,34.00
proposed,86,0.273360,34.00
proposed,87,-0.997758,34.00
proposed,88,-1.565587,34.00
proposed,89,-2.227342,34.00
proposed,90,-2.827076,34.00
proposed,91,0.846779,34.00
proposed,92,2.197061,34.00
proposed,93,-0.795192,34.00
proposed,94,-0.947099,34.00
proposed,95,-1.013187,34.00
proposed,96,-0.217917,34.00
proposed,97,-2.685030,34.00
proposed,98,-0.942190,34.00
proposed,99,-2.947346,34.00
3,0,2.248193,36.00
3,1,4.850848,36.00
3,2,3.309334,36.00
3,3,3.982501,36.00
3,4,3.607521,36.00
3,5,3.638863,36.00
3,6,3.706857,36.00
3,7,4.355101,36.00
3,8,4.401417,36.00
3,9,4.249936,36.00
3,10,5.301820,36.00
3,11,3.781401,36.00
3,12,3.959728,36.00
3,13,2.534768,36.00
3,14,4.018848,36.00
3,15,3.411789,36.00
3,16,3.599494,36.00
3,17,3.476134,36.00
3,18,2.946398,36.00
3,19,4.127230,36.00
3,20,2.938281,36.00
3,21,2.491569,36.00
3,22,1.650744,36.00
3,23,2.145972,36.00
3,24,2.666704,36.00
3,25,2.421463,36.00
3,26,2.841907,36.00
3,27,2.092470,36.00
3,28,2.505814,36.00
3,29,2.179044,36.00
3,30,2.732858,36.00
3,31,3.203474,36.00
3,32,1.988292,36.00
3,33,2.038202,36.00
3,34,2.331903,36.00
3,35,3.633728,36.00
3,36,1.939716,36.00
3,37,2.037558,36.00
3,38,2.298714,36.00
3,39,2.771467,36.00
3,40,2.645849,36.00
3,41,3.118631,36.00
3,42,3.312169,36.00
3,43,0.954325,36.00
3,44,2.135982,36.00
3,45,2.741264,36.00
3,46,2.123002,36.00
3,47,1.612915,36.00
3,48,2.775928,36.00
3,49,2.878138,36.00
3,50,3.623465,36.00
3,51,3.179365,36.00
3,52,3.697794,36.00
3,53,3.146986,36.00
3,54,4.533465,36.00
3,55,3.399559,36.00
3,56,3.528425,36.00
3,57,3.172059,36.00
3,58,4.076843,36.00
3,59,4.203222,36.00
3,60,2.965285,36.00
3,61,3.610741,36.00
3,62,3.348675,36.00
3,63,3.888482,36.00
3,64,3.297458,36.00
3,65,-3.908631,36.00
3,66,-3.831762,36.00
3,67,-0.722657,36.00
3,68,-5.408955,36.00
3,69,-3.845582,36.00
3,70,-3.108584,36.00
3,71,-4.710977,36.00
3,72,-4.428291,36.00
3,73,-5.081989,36.00
3,74,-1.437112,36.00
3,75,-3.561397,36.00
3,76,-4.651026,36.00
3,77,-3.566935,36.00
3,78,-4.262588,36.00
3,79,-1.792680,36.00
3,80,-4.040488,36.00
3,81,5.160152,36.00
3,82,5.790758,36.00
3,83,5.010975,36.00
3,84,4.343918,36.00
3,85,4.536467,36.00
3,86,4.638229,36.00
3,87,5.614768,36.00
3,88,4.420975,36.00
3,89,4.219785,36.00
3,90,3.695637,36.00
3,91,4.977344,36.00
3,92,6.524539,36.00
3,93,3.023310,36.00
3,94,3.492135,36.00
3,95,2.705136,36.00
3,96,4.049090,36.00
3,97,2.633706,36.00
3,98,4.834529,36.00
3,99,2.890322,36.00
conv,0,0.776313,36.00
conv,1,3.600656,36.00
conv,2,1.994326,36.00
conv,3,3.007327,36.00
conv,4,2.196656,36.00
conv,5,2.314221,36.00
conv,6,2.142243,36.00
conv,7,3.344502,36.00
conv,8,2.983135,36.00
conv,9,2.612652,36.00
conv,10,4.065402,36.00
conv,11,2.579299,36.00
conv,12,2.369473,36.00
conv,13,0.941365,36.00
conv,14,2.801374,36.00
conv,15,2.205380,36.00
conv,16,2.360483,36.00
conv,17,1.994765,36.00
conv,18,2.032083,36.00
conv,19,2.283549,36.00
conv,20,1.493314,36.00
conv,21,1.333990,36.00
conv,22,-0.084208,36.00
conv,23,0.681308,36.00
conv,24,1.607471,36.00
conv,25,1.214527,36.00
conv,26,1.506348,36.00
conv,27,0.985404,36.00
conv,28,0.973059,36.00
conv,29,0.983371,36.00
conv,30,1.352414,36.00
conv,31,1.922483,36.00
conv,32,0.787171,36.00
conv,33,0.835550,36.00
conv,34,1.016899,36.00
conv,35,2.190731,36.00
conv,36,0.762786,36.00
conv,37,0.989731,36.00
conv,38,0.887128,36.00
conv,39,1.429542,36.00
conv,40,1.492667,36.00
conv,41,1.787714,36.00
conv,42,2.235205,36.00
conv,43,-0.033177,36.00
conv,44,0.562999,36.00
conv,45,1.541258,36.00
conv,46,0.943601,36.00
conv,47,0.564888,36.00
conv,48,1.340956,36.00
conv,49,1.842082,36.00
conv,50,2.343649,36.00
conv,51,1.698094,36.00
conv,52,2.441612,36.00
conv,53,1.485992,36.00
conv,54,3.283774,36.00
conv,55,2.014635,36.00
conv,56,2.422262,36.00
conv,57,1.800649,36.00
conv,58,2.676713,36.00
conv,59,3.040510,36.00
conv,60,1.533145,36.00
conv,61,2.216446,36.00
conv,62,2.049606,36.00
conv,63,2.674675,36.00
conv,64,1.976283,36.00
conv,65,-5.238340,36.00
conv,66,-5.576484,36.00
conv,67,-2.191295,36.00
conv,68,-7.185387,36.00
conv,69,-5.300350,36.00
conv,70,-4.376860,36.00
conv,71,-6.204293,36.00
conv,72,-6.316765,36.00
conv,73,-6.275121,36.00
conv,74,-2.869901,36.00
conv,75,-4.686106,36.00
conv,76,-6.044645,36.00
conv,77,-4.720282,36.00
conv,78,-5.828131,36.00
conv,79,-3.153893,36.00
conv,80,-5.660088,36.00
conv,81,3.683508,36.00
conv,82,4.534278,36.00
conv,83,3.881659,36.00
conv,84,3.022744,36.00
conv,85,2.830988,36.00
conv,86,3.353906,36.00
conv,87,4.088424,36.00
conv,88,3.448738,36.00
conv,89,2.873545,36.00
conv,90,2.360131,36.00
conv,91,4.212548,36.00
conv,92,5.540935,36.00
conv,93,2.221640,36.00
conv,94,2.492083,36.00
conv,95,1.861933,36.00
conv,96,3.172198,36.00
conv,97,1.705111,36.00
conv,98,3.824957,36.00
conv,99,2.057372,36.00
proposed,0,0.797519,36.00
proposed,1,3.607557,36.00
proposed,2,1.997979,36.00
proposed,3,2.965731,36.00
proposed,4,2.261653,36.00
proposed,5,2.313900,36.00
proposed,6,2.212352,36.00
proposed,7,3.346290,36.00
proposed,8,3.008729,36.00
proposed,9,2.621813,36.00
proposed,10,3.942908,36.00
proposed,11,2.613833,36.00
proposed,12,2.435633,36.00
proposed,13,0.961559,36.00
proposed,14,2.757433,36.00
proposed,15,2.210975,36.00
proposed,16,2.341891,36.00
proposed,17,2.008426,36.00
proposed,18,1.953669,36.00
proposed,19,2.371093,36.00
proposed,20,1.622249,36.00
proposed,21,1.301262,36.00
proposed,22,-0.082331,36.00
proposed,23,0.648779,36.00
proposed,24,1.678430,36.00
proposed,25,1.202307,36.00
proposed,26,1.514739,36.00
proposed,27,1.002354,36.00
proposed,28,1.006093,36.00
proposed,29,1.028303,36.00
proposed,30,1.336317,36.00
proposed,31,1.897521,36.00
proposed,32,0.744897,36.00
proposed,33,0.835289,36.00
proposed,34,1.072689,36.00
proposed,35,2.242152,36.00
proposed,36,0.758940,36.00
proposed,37,0.989534,36.00
proposed,38,0.973917,36.00
proposed,39,1.429776,36.00
proposed,40,1.482296,36.00
proposed,41,1.821432,36.00
proposed,42,2.241027,36.00
proposed,43,-0.040290,36.00
proposed,44,0.880473,36.00
proposed,45,1.502646,36.00
proposed,46,0.932214,36.00
proposed,47,0.556409,36.00
proposed,48,1.217426,36.00
proposed,49,1.773001,36.00
proposed,50,2.363049,36.00
proposed,51,1.662346,36.00
proposed,52,2.480671,36.00
proposed,53,1.389259,36.00
proposed,54,3.376012,36.00
proposed,55,1.982972,36.00
proposed,56,2.464585,36.00
proposed,57,1.812978,36.00
proposed,58,2.652878,36.00
proposed,59,3.004254,36.00
proposed,60,1.497734,36.00
proposed,61,2.209861,36.00
proposed,62,2.029993,36.00
proposed,63,2.605671,36.00
proposed,64,2.040042,36.00
proposed,65,-5.256705,36.00
proposed,66,-5.598544,36.00
proposed,67,-2.190334,36.00
proposed,68,-7.189555,36.00
proposed,69,-5.307185,36.00
proposed,70,-4.448580,36.00
proposed,71,-6.142014,36.00
proposed,72,-6.466093,36.00
proposed,73,-6.253524,36.00
proposed,74,-2.933853,36.00
proposed,75,-4.659803,36.00
proposed,76,-6.065880,36.00
proposed,77,-4.648032,36.00
proposed,78,-5.848172,36.00
proposed,79,-3.465014,36.00
proposed,80,-5.746867,36.00
proposed,81,3.682662,36.00
proposed,82,4.551549,36.00
proposed,83,3.877722,36.00
proposed,84,3.027292,36.00
proposed,85,2.819047,36.00
proposed,86,3.329952,36.00
proposed,87,4.101352,36.00
proposed,88,3.422183,36.00
proposed,89,2.848480,36.00
proposed,90,2.347072,36.00
proposed,91,4.180985,36.00
proposed,92,5.525900,36.00
proposed,93,2.129294,36.00
proposed,94,2.452776,36.00
proposed,95,2.083360,36.00
proposed,96,3.123898,36.00
proposed,97,1.632337,36.00
proposed,98,3.778184,36.00
proposed,99,2.002156,36.00
3,0,2.270055,38.00
3,1,4.837593,38.00
3,2,3.323256,38.00
3,3,3.977125,38.00
3,4,3.597733,38.00
3,5,3.612353,38.00
3,6,3.707538,38.00
3,7,4.402239,38.00
3,8,4.402668,38.00
3,9,4.239008,38.00
3,10,5.276100,38.00
3,11,3.802026,38.00
3,12,3.961888,38.00
3,13,2.510384,38.00
3,14,4.005642,38.00
3,15,3.414745,38.00
3,16,3.636728,38.00
3,17,3.465341,38.00
3,18,3.654080,38.00
3,19,4.191238,38.00
3,20,2.944914,38.00
3,21,2.493104,38.00
3,22,1.649979,38.00
3,23,2.148049,38.00
3,24,2.666504,38.00
3,25,2.433582,38.00
3,26,2.854834,38.00
3,27,2.076460,38.00
3,28,2.494480,38.00
3,29,2.189782,38.00
3,30,2.726513,38.00
3,31,3.158652,38.00
3,32,1.986236,38.00
3,33,2.050880,38.00
3,34,2.321448,38.00
3,35,3.631457,38.00
3,36,1.934419,38.00
3,37,2.059978,38.00
3,38,2.342453,38.00
3,39,2.763691,38.00
3,40,2.658761,38.00
3,41,3.112262,38.00
3,42,3.317525,38.00
3,43,0.939017,38.00
3,44,2.137288,38.00
3,45,2.791328,38.00
3,46,2.125861,38.00
3,47,1.621820,38.00
3,48,2.948623,38.00
3,49,2.687209,38.00
3,50,3.631252,38.00
3,51,3.180939,38.00
3,52,3.689442,38.00
3,53,3.133068,38.00
3,54,4.529026,38.00
3,55,3.392860,38.00
3,56,3.627330,38.00
3,57,3.289002,38.00
3,58,4.074895,38.00
3,59,4.207658,38.00
3,60,2.970113,38.00
3,61,3.604059,38.00
3,62,3.385169,38.00
3,63,3.886151,38.00
3,64,3.368532,38.00
3,65,-3.915420,38.00
3,66,-3.851133,38.00
3,67,-0.738690,38.00
3,68,-5.408728,38.00
3,69,-3.853013,38.00
3,70,-3.139707,38.00
3,71,-4.713097,38.00
3,72,-4.430940,38.00
3,73,-5.041739,38.00
3,74,-1.416505,38.00
3,75,-3.586242,38.00
3,76,-4.650295,38.00
3,77,-3.334188,38.00
3,78,-4.258821,38.00
3,79,-1.922395,38.00
3,80,-4.023994,38.00
3,81,5.159814,38.00
3,82,5.836118,38.00
3,83,4.929386,38.00
3,84,4.325618,38.00
3,85,4.525246,38.00
3,86,4.638933,38.00
3,87,5.619963,38.00
3,88,4.421489,38.00
3,89,4.221351,38.00
3,90,3.700886,38.00
3,91,4.976028,38.00
3,92,6.567503,38.00
3,93,3.033721,38.00
3,94,3.462546,38.00
3,95,2.673756,38.00
3,96,4.066761,38.00
3,97,2.607186,38.00
3,98,4.846159,38.00
3,99,2.894505,38.00
conv,0,0.790421,38.00
conv,1,3.590114,38.00
conv,2,2.002874,38.00
conv,3,3.010400,38.00
conv,4,2.115621,38.00
conv,5,2.319843,38.00
conv,6,2.176451,38.00
conv,7,3.363878,38.00
conv,8,3.008667,38.00
conv,9,2.646144,38.00
conv,10,4.050791,38.00
conv,11,2.572136,38.00
conv,12,2.392200,38.00
conv,13,0.890086,38.00
conv,14,2.789684,38.00
conv,15,2.183788,38.00
conv,16,2.344397,38.00
conv,17,1.993092,38.00
conv,18,2.003290,38.00
conv,19,2.328102,38.00
conv,20,1.551626,38.00
conv,21,1.334974,38.00
conv,22,-0.100825,38.00
conv,23,0.618341,38.00
conv,24,1.605789,38.00
conv,25,1.195218,38.00
conv,26,1.507136,38.00
conv,27,0.992540,38.00
conv,28,1.000684,38.00
conv,29,1.018259,38.00
conv,30,1.352455,38.00
conv,31,1.961546,38.00
conv,32,0.784299,38.00
conv,33,0.834373,38.00
conv,34,1.049498,38.00
conv,35,2.175515,38.00
conv,36,0.756708,38.00
conv,37,0.982278,38.00
conv,38,0.896161,38.00
conv,39,1.439368,38.00
conv,40,1.494276,38.00
conv,41,1.822257,38.00
conv,42,2.224196,38.00
conv,43,-0.034209,38.00
conv,44,0.812259,38.00
conv,45,1.540302,38.00
conv,46,0.941332,38.00
conv,47,0.525479,38.00
conv,48,1.339172,38.00
conv,49,1.856415,38.00
conv,50,2.372478,38.00
conv,51,1.693288,38.00
conv,52,2.440348,38.00
conv,53,1.520077,38.00
conv,54,3.282031,38.00
conv,55,2.013538,38.00
conv,56,2.468113,38.00
conv,57,1.827329,38.00
conv,58,2.666956,38.00
conv,59,3.042091,38.00
conv,60,1.509194,38.00
conv,61,2.212064,38.00
conv,62,2.031038,38.00
conv,63,2.683695,38.00
conv,64,2.015052,38.00
conv,65,-5.218749,38.00
conv,66,-5.580832,38.00
conv,67,-2.197960,38.00
conv,68,-7.186004,38.00
conv,69,-5.300303,38.00
conv,70,-4.363482,38.00
conv,71,-6.206906,38.00
conv,72,-6.332053,38.00
conv,73,-6.283246,38.00
conv,74,-2.876313,38.00
conv,75,-4.784076,38.00
conv,76,-6.043517,38.00
conv,77,-4.728409,38.00
conv,78,-5.802401,38.00
conv,79,-3.139693,38.00
conv,80,-5.658340,38.00
conv,81,3.659592,38.00
conv,82,4.521695,38.00
conv,83,3.886892,38.00
conv,84,3.022870,38.00
conv,85,2.795857,38.00
conv,86,3.352195,38.00
conv,87,4.095169,38.00
conv,88,3.433071,38.00
conv,89,2.854888,38.00
conv,90,2.364018,38.00
conv,91,4.211249,38.00
conv,92,5.526456,38.00
conv,93,2.213637,38.00
conv,94,2.466682,38.00
conv,95,1.967000,38.00
conv,96,3.162258,38.00
conv,97,1.705129,38.00
conv,98,3.826474,38.00
conv,99,2.060111,38.00
proposed,0,0.781431,38.00
proposed,1,3.600555,38.00
proposed,2,1.959964,38.00
proposed,3,2.987812,38.00
proposed,4,2.207750,38.00
proposed,5,2.330189,38.00
proposed,6,2.212239,38.00
proposed,7,3.355782,38.00
proposed,8,3.002881,38.00
proposed,9,2.595097,38.00
proposed,10,4.067457,38.00
proposed,11,2.622327,38.00
proposed,12,2.439031,38.00
proposed,13,0.957685,38.00
proposed,14,2.748368,38.00
proposed,15,2.205155,38.00
proposed,16,2.339853,38.00
proposed,17,1.945679,38.00
proposed,18,1.960535,38.00
proposed,19,2.369979,38.00
proposed,20,1.617580,38.00
proposed,21,1.275508,38.00
proposed,22,-0.085999,38.00
proposed,23,0.646030,38.00
proposed,24,1.672583,38.00
proposed,25,1.203657,38.00
proposed,26,1.493611,38.00
proposed,27,1.001110,38.00
proposed,28,1.005848,38.00
proposed,29,1.027011,38.00
proposed,30,1.349219,38.00
proposed,31,1.923696,38.00
proposed,32,0.754420,38.00
proposed,33,0.834227,38.00
proposed,34,1.084382,38.00
proposed,35,2.244280,38.00
proposed,36,0.758473,38.00
proposed,37,0.983265,38.00
proposed,38,0.965378,38.00
proposed,39,1.413786,38.00
proposed,40,1.483654,38.00
proposed,41,1.827433,38.00
proposed,42,2.239702,38.00
proposed,43,-0.046535,38.00
proposed,44,0.870092,38.00
proposed,45,1.505956,38.00
proposed,46,0.924648,38.00
proposed,47,0.546893,38.00
proposed,48,1.338523,38.00
proposed,49,1.801232,38.00
proposed,50,2.379346,38.00
proposed,51,1.676731,38.00
proposed,52,2.500249,38.00
proposed,53,1.398360,38.00
proposed,54,3.377348,38.00
proposed,55,1.987135,38.00
proposed,56,2.465881,38.00
proposed,57,1.832417,38.00
proposed,58,2.574363,38.00
proposed,59,3.040892,38.00
proposed,60,1.524173,38.00
proposed,61,2.215279,38.00
proposed,62,2.043148,38.00
proposed,63,2.581013,38.00
proposed,64,2.051271,38.00
proposed,65,-5.186521,38.00
proposed,66,-5.627629,38.00
proposed,67,-2.178900,38.00
proposed,68,-7.189591,38.00
proposed,69,-5.319276,38.00
proposed,70,-4.380704,38.00
proposed,71,-6.131727,38.00
proposed,72,-6.298079,38.00
proposed,73,-6.272746,38.00
proposed,74,-2.878515,38.00
proposed,75,-4.664382,38.00
proposed,76,-6.035731,38.00
proposed,77,-4.670667,38.00
proposed,78,-5.811195,38.00
proposed,79,-3.155178,38.00
proposed,80,-5.731524,38.00
proposed,81,3.676210,38.00
proposed,82,4.551234,38.00
proposed,83,3.845212,38.00
proposed,84,3.027088,38.00
proposed,85,2.829349,38.00
proposed,86,3.342953,38.00
proposed,87,4.100989,38.00
proposed,88,3.418605,38.00
proposed,89,2.849349,38.00
proposed,90,2.346677,38.00
proposed,91,4.200324,38.00
proposed,92,5.540785,38.00
proposed,93,2.163385,38.00
proposed,94,2.483199,38.00
proposed,95,2.084675,38.00
proposed,96,3.104324,38.00
proposed,97,1.660906,38.00
proposed,98,3.823203,38.00
proposed,99,2.013682,38.00
3,0,2.265025,100.00
3,1,4.681510,100.00
3,2,3.320008,100.00
3,3,3.979314,100.00
3,4,3.595884,100.00
3,5,3.633764,100.00
3,6,3.706099,100.00
3,7,4.384626,100.00
3,8,4.394514,100.00
3,9,4.237752,100.00
3,10,5.301146,100.00
3,11,3.774097,100.00
3,12,3.959597,100.00
3,13,2.533919,100.00
3,14,3.959928,100.00
3,15,3.412052,100.00
3,16,3.618893,100.00
3,17,3.453238,100.00
3,18,3.619200,100.00
3,19,4.197489,100.00
3,20,2.941777,100.00
3,21,2.491709,100.00
3,22,1.651796,100.00
3,23,2.147354,100.00
3,24,2.665906,100.00
3,25,2.438170,100.00
3,26,2.837344,100.00
3,27,2.101481,100.00
3,28,2.505492,100.00
3,29,2.196067,100.00
3,30,2.700403,100.00
3,31,3.214910,100.00
3,32,1.989067,100.00
3,33,2.050613,100.00
3,34,2.324407,100.00
3,35,3.628678,100.00
3,36,1.947383,100.00
3,37,2.052859,100.00
3,38,2.342457,100.00
3,39,2.741964,100.00
3,40,2.658025,100.00
3,41,3.102271,100.00
3,42,3.309062,100.00
3,43,0.968414,100.00
3,44,2.130290,100.00
3,45,2.792045,100.00
3,46,2.116425,100.00
3,47,1.634543,100.00
3,48,2.955288,100.00
3,49,2.884445,100.00
3,50,3.632783,100.00
3,51,3.184744,100.00
3,52,3.687708,100.00
3,53,3.140140,100.00
3,54,4.527925,100.00
3,55,3.397481,100.00
3,56,3.592205,100.00
3,57,3.313264,100.00
3,58,4.074465,100.00
3,59,4.195362,100.00
3,60,2.969739,100.00
3,61,3.621633,100.00
3,62,3.413759,100.00
3,63,3.868510,100.00
3,64,3.375207,100.00
3,65,-3.940770,100.00
3,66,-3.827066,100.00
3,67,-0.740242,100.00
3,68,-5.484657,100.00
3,69,-3.844689,100.00
3,70,-3.208115,100.00
3,71,-4.715566,100.00
3,72,-4.442482,100.00
3,73,-5.029025,100.00
3,74,-1.428448,100.00
3,75,-3.592923,100.00
3,76,-4.654634,100.00
3,77,-3.328970,100.00
3,78,-4.253286,100.00
3,79,-1.794995,100.00
3,80,-4.003009,100.00
3,81,5.171348,100.00
3,82,5.850948,100.00
3,83,4.925732,100.00
3,84,4.345479,100.00
3,85,4.564387,100.00
3,86,4.636530,100.00
3,87,5.617050,100.00
3,88,4.431980,100.00
3,89,4.218978,100.00
3,90,3.698144,100.00
3,91,4.873867,100.00
3,92,6.568789,100.00
3,93,3.035303,100.00
3,94,3.478985,100.00
3,95,2.710995,100.00
3,96,4.068752,100.00
3,97,2.663401,100.00
3,98,4.841392,100.00
3,99,2.896493,100.00
conv,0,0.598814,100.00
conv,1,3.588934,100.00
conv,2,2.005955,100.00
conv,3,3.007700,100.00
conv,4,2.187425,100.00
conv,5,2.318896,100.00
conv,6,2.174685,100.00
conv,7,3.353811,100.00
conv,8,3.008389,100.00
conv,9,2.630509,100.00
conv,10,4.064878,100.00
conv,11,2.562792,100.00
conv,12,2.405051,100.00
conv,13,0.947669,100.00
conv,14,2.769256,100.00
conv,15,2.182960,100.00
conv,16,2.349358,100.00
conv,17,2.043082,100.00
conv,18,1.892055,100.00
conv,19,2.330863,100.00
conv,20,1.476494,100.00
conv,21,1.334904,100.00
conv,22,-0.090789,100.00
conv,23,0.683385,100.00
conv,24,1.612256,100.00
conv,25,1.202936,100.00
conv,26,1.507211,100.00
conv,27,1.001706,100.00
conv,28,1.004464,100.00
conv,29,1.003808,100.00
conv,30,1.345432,100.00
conv,31,1.856094,100.00
conv,32,0.776229,100.00
conv,33,0.838279,100.00
conv,34,1.020400,100.00
conv,35,2.150348,100.00
conv,36,0.751504,100.00
conv,37,0.988654,100.00
conv,38,0.894815,100.00
conv,39,1.418897,100.00
conv,40,1.495322,100.00
conv,41,1.829172,100.00
conv,42,2.221847,100.00
conv,43,-0.035303,100.00
conv,44,0.832357,100.00
conv,45,1.538143,100.00
conv,46,0.924703,100.00
conv,47,0.563443,100.00
conv,48,1.341820,100.00
conv,49,1.853022,100.00
conv,50,2.362145,100.00
conv,51,1.700261,100.00
conv,52,2.490632,100.00
conv,53,1.535277,100.00
conv,54,3.287574,100.00
conv,55,2.009770,100.00
conv,56,2.452320,100.00
conv,57,1.839267,100.00
conv,58,2.669352,100.00
conv,59,3.041735,100.00
conv,60,1.526868,100.00
conv,61,2.204542,100.00
conv,62,2.040723,100.00
conv,63,2.683429,100.00
conv,64,1.958721,100.00
conv,65,-5.200792,100.00
conv,66,-5.577418,100.00
conv,67,-2.366107,100.00
conv,68,-7.186523,100.00
conv,69,-5.300498,100.00
conv,70,-4.360264,100.00
conv,71,-6.207769,100.00
conv,72,-6.311853,100.00
conv,73,-6.284657,100.00
conv,74,-2.859074,100.00
conv,75,-4.678358,100.00
conv,76,-6.034635,100.00
conv,77,-4.722380,100.00
conv,78,-5.828475,100.00
conv,79,-3.148590,100.00
conv,80,-5.659031,100.00
conv,81,3.687156,100.00
conv,82,4.518960,100.00
conv,83,3.889869,100.00
conv,84,3.023591,100.00
conv,85,2.823411,100.00
conv,86,3.353975,100.00
conv,87,4.096193,100.00
conv,88,3.449939,100.00
conv,89,2.852418,100.00
conv,90,2.357001,100.00
conv,91,4.211888,100.00
conv,92,5.551742,100.00
conv,93,2.215264,100.00
conv,94,2.473088,100.00
conv,95,2.010506,100.00
conv,96,2.674471,100.00
conv,97,1.705134,100.00
conv,98,3.822979,100.00
conv,99,2.040400,100.00
proposed,0,0.791114,100.00
proposed,1,3.607219,100.00
proposed,2,1.990269,100.00
proposed,3,2.960811,100.00
proposed,4,2.202583,100.00
proposed,5,2.330753,100.00
proposed,6,2.211919,100.00
proposed,7,3.348981,100.00
proposed,8,3.005848,100.00
proposed,9,2.612357,100.00
proposed,10,4.040264,100.00
proposed,11,2.588025,100.00
proposed,12,2.437516,100.00
proposed,13,0.958611,100.00
proposed,14,2.758531,100.00
proposed,15,2.210167,100.00
proposed,16,2.337696,100.00
proposed,17,1.988384,100.00
proposed,18,1.948467,100.00
proposed,19,2.367742,100.00
proposed,20,1.611408,100.00
proposed,21,1.267899,100.00
proposed,22,-0.091338,100.00
proposed,23,0.664236,100.00
proposed,24,1.664269,100.00
proposed,25,1.208925,100.00
proposed,26,1.491475,100.00
proposed,27,1.002352,100.00
proposed,28,0.989174,100.00
proposed,29,1.027394,100.00
proposed,30,1.347380,100.00
proposed,31,1.928435,100.00
proposed,32,0.769307,100.00
proposed,33,0.833544,100.00
proposed,34,1.081780,100.00
proposed,35,2.245032,100.00
proposed,36,0.758848,100.00
proposed,37,0.979900,100.00
proposed,38,0.965382,100.00
proposed,39,1.395004,100.00
proposed,40,1.488000,100.00
proposed,41,1.819407,100.00
proposed,42,2.240220,100.00
proposed,43,-0.041948,100.00
proposed,44,0.872763,100.00
proposed,45,1.485278,100.00
proposed,46,0.928889,100.00
proposed,47,0.558313,100.00
proposed,48,1.290055,100.00
proposed,49,1.775330,100.00
proposed,50,2.375971,100.00
proposed,51,1.673528,100.00
proposed,52,2.509645,100.00
proposed,53,1.516269,100.00
proposed,54,3.404542,100.00
proposed,55,1.996349,100.00
proposed,56,2.454860,100.00
proposed,57,1.833576,100.00
proposed,58,2.646366,100.00
proposed,59,3.034907,100.00
proposed,60,1.526871,100.00
proposed,61,2.205385,100.00
proposed,62,2.041240,100.00
proposed,63,2.636650,100.00
proposed,64,2.003546,100.00
proposed,65,-5.201967,100.00
proposed,66,-5.630647,100.00
proposed,67,-2.173801,100.00
proposed,68,-7.182330,100.00
proposed,69,-5.303687,100.00
proposed,70,-4.373675,100.00
proposed,71,-6.131972,100.00
proposed,72,-6.320246,100.00
proposed,73,-6.260065,100.00
proposed,74,-2.871894,100.00
proposed,75,-4.665037,100.00
proposed,76,-6.025998,100.00
proposed,77,-4.725726,100.00
proposed,78,-5.811696,100.00
proposed,79,-3.169393,100.00
proposed,80,-5.712458,100.00
proposed,81,3.675121,100.00
proposed,82,4.550751,100.00
proposed,83,3.857579,100.00
proposed,84,3.027280,100.00
proposed,85,2.816811,100.00
proposed,86,3.344148,100.00
proposed,87,4.101826,100.00
proposed,88,3.424343,100.00
proposed,89,2.868854,100.00
proposed,90,2.352243,100.00
proposed,91,4.181020,100.00
proposed,92,5.541621,100.00
proposed,93,2.203652,100.00
proposed,94,2.466674,100.00
proposed,95,2.063473,100.00
proposed,96,3.029023,100.00
proposed,97,1.681876,100.00
proposed,98,3.814207,100.00
proposed,99,2.047633,100.00
